# source-path	lifecycle	node-installable	installed-path	mode	authority
Caddy/scripts/Invoke-WorkstationWslMirroredActivationAction26d.ps1	workstation-only	no	-	-	Caddy/scripts/README.md
Caddy/scripts/acquire-node-a-coupled-vips-action28q.sh	historical-action	no	-	-	Caddy/docs/caddy_plan-v1.1.md
Caddy/scripts/acquire-node-a-coupled-vips-action28r.sh	historical-action	no	-	-	Caddy/docs/caddy_plan-v1.1.md
Caddy/scripts/activate-caddy-vrrp-node-action20d-retry.sh	historical-action	no	-	-	Caddy/docs/caddy_plan-v1.1.md
Caddy/scripts/activate-caddy-vrrp-node-action20d.sh	historical-action	no	-	-	Caddy/docs/caddy_plan-v1.1.md
Caddy/scripts/activate-node-a-caddy-vrrp-action20d-retry10.sh	historical-action	no	-	-	Caddy/docs/caddy_plan-v1.1.md
Caddy/scripts/activate-node-a-caddy-vrrp-action20d-retry6.sh	historical-action	no	-	-	Caddy/docs/caddy_plan-v1.1.md
Caddy/scripts/activate-node-a-caddy-vrrp-action20d-retry7.sh	historical-action	no	-	-	Caddy/docs/caddy_plan-v1.1.md
Caddy/scripts/activate-node-a-caddy-vrrp-action20d-retry8.sh	historical-action	no	-	-	Caddy/docs/caddy_plan-v1.1.md
Caddy/scripts/activate-node-a-caddy-vrrp-action20d-retry9.sh	historical-action	no	-	-	Caddy/docs/caddy_plan-v1.1.md
Caddy/scripts/activate-node-a-keepalived-dbus-action20p.sh	historical-action	no	-	-	Caddy/docs/caddy_plan-v1.1.md
Caddy/scripts/activate-node-a-unbound-two-file-action17k.sh	historical-action	no	-	-	Caddy/docs/caddy_plan-v1.1.md
Caddy/scripts/activate-node-b-keepalived-dbus-action20o-retry.sh	historical-action	no	-	-	Caddy/docs/caddy_plan-v1.1.md
Caddy/scripts/activate-node-b-keepalived-dbus-action20o-retry2.sh	historical-action	no	-	-	Caddy/docs/caddy_plan-v1.1.md
Caddy/scripts/activate-node-b-keepalived-dbus-action20o.sh	historical-action	no	-	-	Caddy/docs/caddy_plan-v1.1.md
Caddy/scripts/activate-node-b-unbound-two-file-action17g.sh	historical-action	no	-	-	Caddy/docs/caddy_plan-v1.1.md
Caddy/scripts/apply-caddy-environment-v2-action31.sh	historical-action	no	-	-	Caddy/docs/caddy_plan-v1.1.md
Caddy/scripts/apply-caddy-systemd-boot-persistence-action30.sh	historical-action	no	-	-	Caddy/docs/caddy_plan-v1.1.md
Caddy/scripts/apply-caddy-systemd-boot-persistence-action30a.sh	historical-action	no	-	-	Caddy/docs/caddy_plan-v1.1.md
Caddy/scripts/apply-caddy-systemd-boot-persistence-action30b.sh	historical-action	no	-	-	Caddy/docs/caddy_plan-v1.1.md
Caddy/scripts/apply-caddy-systemd-boot-persistence-action30c.sh	historical-action	no	-	-	Caddy/docs/caddy_plan-v1.1.md
Caddy/scripts/apply-caddy-systemd-boot-persistence-action30d.sh	historical-action	no	-	-	Caddy/docs/caddy_plan-v1.1.md
Caddy/scripts/apply-caddy-systemd-boot-persistence-action30e.sh	historical-action	no	-	-	Caddy/docs/caddy_plan-v1.1.md
Caddy/scripts/apply-node-a-caddy-routing-correction-action16ar.sh	historical-action	no	-	-	Caddy/docs/caddy_plan-v1.1.md
Caddy/scripts/apply-node-a-dns-nss-correction-action17n-reset-retry.sh	historical-action	no	-	-	Caddy/docs/caddy_plan-v1.1.md
Caddy/scripts/apply-node-a-dns-nss-correction-action17n-retry.sh	historical-action	no	-	-	Caddy/docs/caddy_plan-v1.1.md
Caddy/scripts/apply-node-a-dns-nss-correction-action17n.sh	historical-action	no	-	-	Caddy/docs/caddy_plan-v1.1.md
Caddy/scripts/apply-node-a-pihole-ptr-policy-action23e.sh	historical-action	no	-	-	Caddy/docs/caddy_plan-v1.1.md
Caddy/scripts/apply-node-a-pihole-ptr-policy-action23f.sh	historical-action	no	-	-	Caddy/docs/caddy_plan-v1.1.md
Caddy/scripts/apply-node-a-unbound-a-records-action23b.sh	historical-action	no	-	-	Caddy/docs/caddy_plan-v1.1.md
Caddy/scripts/apply-node-a-unbound-a-records-action23g.sh	historical-action	no	-	-	Caddy/docs/caddy_plan-v1.1.md
Caddy/scripts/apply-node-a-unbound-aaaa-records-action23i.sh	historical-action	no	-	-	Caddy/docs/caddy_plan-v1.1.md
Caddy/scripts/apply-node-a-unbound-ptr-records-action23k.sh	historical-action	no	-	-	Caddy/docs/caddy_plan-v1.1.md
Caddy/scripts/apply-node-a-unbound-srv-records-action23m.sh	historical-action	no	-	-	Caddy/docs/caddy_plan-v1.1.md
Caddy/scripts/apply-node-b-dns-nss-correction-action17m.sh	historical-action	no	-	-	Caddy/docs/caddy_plan-v1.1.md
Caddy/scripts/apply-node-b-pihole-ptr-policy-action23c.sh	historical-action	no	-	-	Caddy/docs/caddy_plan-v1.1.md
Caddy/scripts/apply-node-b-pihole-ptr-policy-action23d.sh	historical-action	no	-	-	Caddy/docs/caddy_plan-v1.1.md
Caddy/scripts/apply-node-b-unbound-a-records-action23a.sh	historical-action	no	-	-	Caddy/docs/caddy_plan-v1.1.md
Caddy/scripts/apply-node-b-unbound-aaaa-records-action23h.sh	historical-action	no	-	-	Caddy/docs/caddy_plan-v1.1.md
Caddy/scripts/apply-node-b-unbound-ptr-records-action23j.sh	historical-action	no	-	-	Caddy/docs/caddy_plan-v1.1.md
Caddy/scripts/apply-node-b-unbound-srv-records-action23l.sh	historical-action	no	-	-	Caddy/docs/caddy_plan-v1.1.md
Caddy/scripts/apply-pihole-v5-config-action29b.sh	historical-action	no	-	-	Caddy/docs/caddy_plan-v1.1.md
Caddy/scripts/authorize-node-a-sync-key-on-node-b-action17b.sh	historical-action	no	-	-	Caddy/docs/caddy_plan-v1.1.md
Caddy/scripts/build-action20g-retry-baseline.sh	historical-action	no	-	-	Caddy/docs/caddy_plan-v1.1.md
Caddy/scripts/build-action20h-a-consumer-correction.sh	historical-action	no	-	-	Caddy/docs/caddy_plan-v1.1.md
Caddy/scripts/build-action20i-a-retry-transcript-consumer-correction.sh	historical-action	no	-	-	Caddy/docs/caddy_plan-v1.1.md
Caddy/scripts/build-dual-node-caddy-postactivation-action20d-retry10-a-retry.sh	historical-action	no	-	-	Caddy/docs/caddy_plan-v1.1.md
Caddy/scripts/build-dual-node-caddy-postactivation-action20j-a.sh	historical-action	no	-	-	Caddy/docs/caddy_plan-v1.1.md
Caddy/scripts/build-keepalived-dbus-readiness-action20l-retry.sh	historical-action	no	-	-	Caddy/docs/caddy_plan-v1.1.md
Caddy/scripts/build-node-a-caddy-health-helper-action20h-retry2.sh	historical-action	no	-	-	Caddy/docs/caddy_plan-v1.1.md
Caddy/scripts/build-node-a-caddy-health-helper-action20h-retry3.sh	historical-action	no	-	-	Caddy/docs/caddy_plan-v1.1.md
Caddy/scripts/build-node-a-caddy-health-helper-postinstall-action20h-a.sh	historical-action	no	-	-	Caddy/docs/caddy_plan-v1.1.md
Caddy/scripts/build-node-a-caddy-health-instrumentation-action20d-retry10-d-retry.sh	historical-action	no	-	-	Caddy/docs/caddy_plan-v1.1.md
Caddy/scripts/build-node-a-caddy-health-instrumentation-action20d-retry10-d-retry2.sh	historical-action	no	-	-	Caddy/docs/caddy_plan-v1.1.md
Caddy/scripts/build-node-a-first-caddy-failover-action28j.sh	historical-action	no	-	-	Caddy/docs/caddy_plan-v1.1.md
Caddy/scripts/build-node-a-protocol-v2-publisher-action28b.sh	historical-action	no	-	-	Caddy/docs/caddy_plan-v1.1.md
Caddy/scripts/build-node-a-to-node-b-release-transfer-action28c.sh	historical-action	no	-	-	Caddy/docs/caddy_plan-v1.1.md
Caddy/scripts/build-node-a-to-node-b-release-transfer-action28d.sh	historical-action	no	-	-	Caddy/docs/caddy_plan-v1.1.md
Caddy/scripts/build-node-a-to-node-b-release-transfer-action28e.sh	historical-action	no	-	-	Caddy/docs/caddy_plan-v1.1.md
Caddy/scripts/build-node-a-to-node-b-retained-release-action28g.sh	historical-action	no	-	-	Caddy/docs/caddy_plan-v1.1.md
Caddy/scripts/build-node-b-caddy-health-group-action20g-retry3.sh	historical-action	no	-	-	Caddy/docs/caddy_plan-v1.1.md
Caddy/scripts/build-node-b-caddy-health-group-action20g.sh	historical-action	no	-	-	Caddy/docs/caddy_plan-v1.1.md
Caddy/scripts/build-node-b-caddy-health-helper-action20i.sh	historical-action	no	-	-	Caddy/docs/caddy_plan-v1.1.md
Caddy/scripts/build-node-b-caddy-health-helper-postinstall-action20i-a-retry.sh	historical-action	no	-	-	Caddy/docs/caddy_plan-v1.1.md
Caddy/scripts/build-node-b-caddy-health-helper-postinstall-action20i-a.sh	historical-action	no	-	-	Caddy/docs/caddy_plan-v1.1.md
Caddy/scripts/build-node-b-caddy-vrrp-activation-action20j.sh	historical-action	no	-	-	Caddy/docs/caddy_plan-v1.1.md
Caddy/scripts/build-node-b-keepalived-dbus-main-postinstall-action20m-a-retry.sh	historical-action	no	-	-	Caddy/docs/caddy_plan-v1.1.md
Caddy/scripts/build-node-b-pihole-ptr-policy-action23d.sh	historical-action	no	-	-	Caddy/docs/caddy_plan-v1.1.md
Caddy/scripts/build-protocol-v2-post-action28g-b-inspector.sh	historical-action	no	-	-	Caddy/docs/caddy_plan-v1.1.md
Caddy/scripts/caddy-sync-release-receiver-v2	production-current	yes	/usr/local/libexec/caddy-sync-release-receiver-v2	0755	Caddy/manifests/synchronization-protocol-v2.yaml
Caddy/scripts/caddy-sync-rsync-receiver	historical-superseded	no	-	-	Caddy/scripts/README.md
Caddy/scripts/capture-node-b-coupled-vip-observation-start-action28r.sh	historical-action	no	-	-	Caddy/docs/caddy_plan-v1.1.md
Caddy/scripts/check-caddy-action20b.sh	historical-action	no	-	-	Caddy/docs/caddy_plan-v1.1.md
Caddy/scripts/check-caddy-instrumented-action20d-retry10-d.sh	historical-action	no	-	-	Caddy/docs/caddy_plan-v1.1.md
Caddy/scripts/check-caddy-vrrp-action20h.sh	production-current	yes	/usr/local/libexec/check-caddy.sh	0755	Caddy/manifests/production-artifacts.tsv
Caddy/scripts/check-caddy.sh	historical-superseded	no	-	-	Caddy/scripts/README.md
Caddy/scripts/check-certificate-expiry.sh	production-current	yes	/usr/local/libexec/check-certificate-expiry.sh	0755	Caddy/systemd/caddy-cert-expiry.service
Caddy/scripts/check-vip-vrid-availability.sh	historical-superseded	no	-	-	Caddy/scripts/README.md
Caddy/scripts/collect-node-preflight.sh	historical-superseded	no	-	-	Caddy/scripts/README.md
Caddy/scripts/collect-unifi-acl-state.sh	workstation-only	no	-	-	Caddy/scripts/README.md
Caddy/scripts/collect-unifi-firewall-state.sh	workstation-only	no	-	-	Caddy/scripts/README.md
Caddy/scripts/correct-dns-path-work-dir-action17c-c-c-retry.sh	historical-action	no	-	-	Caddy/docs/caddy_plan-v1.1.md
Caddy/scripts/correct-node-a-caddy-routing-transaction-action16ar-retry.sh	historical-action	no	-	-	Caddy/docs/caddy_plan-v1.1.md
Caddy/scripts/correct-node-a-caddy-server-selection-action16aq-b-retry.sh	historical-action	no	-	-	Caddy/docs/caddy_plan-v1.1.md
Caddy/scripts/correct-node-a-post-correction-acceptance-action16ar-b-retry.sh	historical-action	no	-	-	Caddy/docs/caddy_plan-v1.1.md
Caddy/scripts/correct-node-b-action17u-backup-manifest-hostname-action17u-b-retry2.sh	historical-action	no	-	-	Caddy/docs/caddy_plan-v1.1.md
Caddy/scripts/correct-node-b-unbound-local-zone-action17f-normalized-retry.sh	historical-action	no	-	-	Caddy/docs/caddy_plan-v1.1.md
Caddy/scripts/correct-node-b-unbound-primary-working-directory-action17e-retry.sh	historical-action	no	-	-	Caddy/docs/caddy_plan-v1.1.md
Caddy/scripts/correct-peer-resolution-readonly-shadow-action17c-c-b-retry.sh	historical-action	no	-	-	Caddy/docs/caddy_plan-v1.1.md
Caddy/scripts/correct-restricted-transport-action17c-retry.sh	historical-action	no	-	-	Caddy/docs/caddy_plan-v1.1.md
Caddy/scripts/correct-source-bound-working-directory-action17c-c-retry.sh	historical-action	no	-	-	Caddy/docs/caddy_plan-v1.1.md
Caddy/scripts/correct-sync-readiness-before-action17-retry.sh	historical-action	no	-	-	Caddy/docs/caddy_plan-v1.1.md
Caddy/scripts/create-node-rollback-backup.sh	historical-superseded	no	-	-	Caddy/scripts/README.md
Caddy/scripts/cutover-node-a-lighttpd-caddy-action16ap-retry.sh	historical-action	no	-	-	Caddy/docs/caddy_plan-v1.1.md
Caddy/scripts/cutover-node-a-lighttpd-caddy-action16ap.sh	historical-action	no	-	-	Caddy/docs/caddy_plan-v1.1.md
Caddy/scripts/cutover-node-b-lighttpd-caddy-action15-retry.sh	historical-action	no	-	-	Caddy/docs/caddy_plan-v1.1.md
Caddy/scripts/derive-dual-node-reverse-sync-readiness-action18a-retry.sh	historical-action	no	-	-	Caddy/docs/caddy_plan-v1.1.md
Caddy/scripts/derive-node-a-action18-prerequisite-action18b-retry.sh	historical-action	no	-	-	Caddy/docs/caddy_plan-v1.1.md
Caddy/scripts/derive-node-a-action18-prerequisite-action18b.sh	historical-action	no	-	-	Caddy/docs/caddy_plan-v1.1.md
Caddy/scripts/derive-node-a-action18b-postfailure-action18b-a-retry.sh	historical-action	no	-	-	Caddy/docs/caddy_plan-v1.1.md
Caddy/scripts/derive-node-a-action18b-postinstall-acceptance-action18b-b.sh	historical-action	no	-	-	Caddy/docs/caddy_plan-v1.1.md
Caddy/scripts/derive-node-a-keepalived-fragment-action19e.sh	historical-action	no	-	-	Caddy/docs/caddy_plan-v1.1.md
Caddy/scripts/derive-node-a-keepalived-fragment-postinstall-action19e-a.sh	historical-action	no	-	-	Caddy/docs/caddy_plan-v1.1.md
Caddy/scripts/derive-node-a-keepalived-helper-install-action19d.sh	historical-action	no	-	-	Caddy/docs/caddy_plan-v1.1.md
Caddy/scripts/derive-node-a-keepalived-helper-postinstall-action19d-a-retry.sh	historical-action	no	-	-	Caddy/docs/caddy_plan-v1.1.md
Caddy/scripts/derive-node-a-keepalived-helper-postinstall-action19d-a.sh	historical-action	no	-	-	Caddy/docs/caddy_plan-v1.1.md
Caddy/scripts/derive-node-a-keepalived-prerequisite-action19c-a.sh	historical-action	no	-	-	Caddy/docs/caddy_plan-v1.1.md
Caddy/scripts/derive-node-a-post-correction-acceptance-action16ar-b.sh	historical-action	no	-	-	Caddy/docs/caddy_plan-v1.1.md
Caddy/scripts/derive-node-b-action17u-postrepair-acceptance-action17u-c.sh	historical-action	no	-	-	Caddy/docs/caddy_plan-v1.1.md
Caddy/scripts/derive-node-b-action19b-postfailure-action19b-a-retry.sh	historical-action	no	-	-	Caddy/docs/caddy_plan-v1.1.md
Caddy/scripts/derive-node-b-action19b-postfailure-action19b-a-retry2.sh	historical-action	no	-	-	Caddy/docs/caddy_plan-v1.1.md
Caddy/scripts/derive-node-b-keepalived-helper-postinstall-action19b-b.sh	historical-action	no	-	-	Caddy/docs/caddy_plan-v1.1.md
Caddy/scripts/derive-node-b-postmigration-acceptance-action17v.sh	historical-action	no	-	-	Caddy/docs/caddy_plan-v1.1.md
Caddy/scripts/derive-node-b-publisher-postinstall-acceptance-action18c-publisher-a.sh	historical-action	no	-	-	Caddy/docs/caddy_plan-v1.1.md
Caddy/scripts/derive-node-b-retained-release-marker-migration-action17s-retry2.sh	historical-action	no	-	-	Caddy/docs/caddy_plan-v1.1.md
Caddy/scripts/diagnose-caddy-validation-provenance-action16ap-b.sh	historical-action	no	-	-	Caddy/docs/caddy_plan-v1.1.md
Caddy/scripts/diagnose-dns-path-authority-action17c-c-c.sh	historical-action	no	-	-	Caddy/docs/caddy_plan-v1.1.md
Caddy/scripts/diagnose-node-a-action16ar-recovery-action16ar-a.sh	historical-action	no	-	-	Caddy/docs/caddy_plan-v1.1.md
Caddy/scripts/diagnose-node-a-caddy-health-action20d-retry7-a-retry.sh	historical-action	no	-	-	Caddy/docs/caddy_plan-v1.1.md
Caddy/scripts/diagnose-node-a-caddy-health-action20d-retry7-a.sh	historical-action	no	-	-	Caddy/docs/caddy_plan-v1.1.md
Caddy/scripts/diagnose-node-a-caddy-managed-context-action20d-retry8-a.sh	historical-action	no	-	-	Caddy/docs/caddy_plan-v1.1.md
Caddy/scripts/diagnose-node-a-caddy-server-selection-action16aq-b.sh	historical-action	no	-	-	Caddy/docs/caddy_plan-v1.1.md
Caddy/scripts/diagnose-node-a-caddy-vendor-unit-action16ao-b.sh	historical-action	no	-	-	Caddy/docs/caddy_plan-v1.1.md
Caddy/scripts/diagnose-node-a-caddy-vrrp-candidate-action20d-b.sh	historical-action	no	-	-	Caddy/docs/caddy_plan-v1.1.md
Caddy/scripts/diagnose-node-a-command-versions-action16x-c.sh	historical-action	no	-	-	Caddy/docs/caddy_plan-v1.1.md
Caddy/scripts/diagnose-node-a-cutover-preflight-action16ao-a.sh	historical-action	no	-	-	Caddy/docs/caddy_plan-v1.1.md
Caddy/scripts/diagnose-node-a-ip-symlink-action16x-d.sh	historical-action	no	-	-	Caddy/docs/caddy_plan-v1.1.md
Caddy/scripts/diagnose-node-a-iproute2-ownership-action16x-e-retry.sh	historical-action	no	-	-	Caddy/docs/caddy_plan-v1.1.md
Caddy/scripts/diagnose-node-a-iproute2-ownership-action16x-e.sh	historical-action	no	-	-	Caddy/docs/caddy_plan-v1.1.md
Caddy/scripts/diagnose-node-a-ipv6-source-selection-action17c-b.sh	historical-action	no	-	-	Caddy/docs/caddy_plan-v1.1.md
Caddy/scripts/diagnose-node-a-keepalived-pidfile-isolation-action20d-retry5-a.sh	historical-action	no	-	-	Caddy/docs/caddy_plan-v1.1.md
Caddy/scripts/diagnose-node-a-lighttpd-routing-action16aq-a.sh	historical-action	no	-	-	Caddy/docs/caddy_plan-v1.1.md
Caddy/scripts/diagnose-node-a-lsyncd-post-simulation-stop.sh	historical-superseded	no	-	-	Caddy/scripts/README.md
Caddy/scripts/diagnose-node-a-lsyncd-preinstall-stop.sh	historical-superseded	no	-	-	Caddy/scripts/README.md
Caddy/scripts/diagnose-node-a-peer-resolution-contexts-action17c-c-b.sh	historical-action	no	-	-	Caddy/docs/caddy_plan-v1.1.md
Caddy/scripts/diagnose-node-a-recovery-state-action16ap-a.sh	historical-action	no	-	-	Caddy/docs/caddy_plan-v1.1.md
Caddy/scripts/diagnose-node-a-rsync-dry-run-output-action17o-a.sh	historical-action	no	-	-	Caddy/docs/caddy_plan-v1.1.md
Caddy/scripts/diagnose-node-a-source-bound-transport-action17c-c-a.sh	historical-action	no	-	-	Caddy/docs/caddy_plan-v1.1.md
Caddy/scripts/diagnose-node-a-ssh-g-stderr-action17r-b.sh	historical-action	no	-	-	Caddy/docs/caddy_plan-v1.1.md
Caddy/scripts/diagnose-node-a-sync-ssh-action16ak-a.sh	historical-action	no	-	-	Caddy/docs/caddy_plan-v1.1.md
Caddy/scripts/diagnose-node-a-sync-stage-rollback-action16aj-a.sh	historical-action	no	-	-	Caddy/docs/caddy_plan-v1.1.md
Caddy/scripts/diagnose-node-a-sync-stage-transient-action16aj-b.sh	historical-action	no	-	-	Caddy/docs/caddy_plan-v1.1.md
Caddy/scripts/diagnose-node-a-sync-stage-transient-action16aj-d.sh	historical-action	no	-	-	Caddy/docs/caddy_plan-v1.1.md
Caddy/scripts/diagnose-node-a-to-node-b-ipv6-restricted-transport-action17c-a.sh	historical-action	no	-	-	Caddy/docs/caddy_plan-v1.1.md
Caddy/scripts/diagnose-node-a-validation-dependencies-action16x-b.sh	historical-action	no	-	-	Caddy/docs/caddy_plan-v1.1.md
Caddy/scripts/diagnose-node-a-validation-dependency-stop-action16x-a.sh	historical-action	no	-	-	Caddy/docs/caddy_plan-v1.1.md
Caddy/scripts/diagnose-node-a-validation-simulation-stop-action16t-a.sh	historical-action	no	-	-	Caddy/docs/caddy_plan-v1.1.md
Caddy/scripts/diagnose-node-b-unbound-action17f-transition.sh	historical-action	no	-	-	Caddy/docs/caddy_plan-v1.1.md
Caddy/scripts/diagnose-node-b-unbound-local-zone-prewrite-action17f-a.sh	historical-action	no	-	-	Caddy/docs/caddy_plan-v1.1.md
Caddy/scripts/diagnose-node-b-unbound-primary-prewrite-action17e-a.sh	historical-action	no	-	-	Caddy/docs/caddy_plan-v1.1.md
Caddy/scripts/diagnose-workstation-certificate-stage-action16ac-a.sh	workstation-only	no	-	-	Caddy/scripts/README.md
Caddy/scripts/extend-node-a-lighttpd-routing-action16aq-a-retry.sh	historical-action	no	-	-	Caddy/docs/caddy_plan-v1.1.md
Caddy/scripts/finalize-incoming-release-v2-stderr-safe-action17u.sh	historical-action	no	-	-	Caddy/docs/caddy_plan-v1.1.md
Caddy/scripts/finalize-incoming-release-v2-stderr-safe-trigger-action28ac.sh	production-current	yes	/usr/local/libexec/finalize-incoming-release-v2.sh	0755	Caddy/manifests/production-artifacts.tsv
Caddy/scripts/finalize-incoming-release-v2.sh	historical-superseded	no	-	-	Caddy/scripts/README.md
Caddy/scripts/inspect-action28r-transition-rollback-action28r-a.sh	historical-action	no	-	-	Caddy/docs/caddy_plan-v1.1.md
Caddy/scripts/inspect-caddy-failover-action28j-a-residue.sh	historical-action	no	-	-	Caddy/docs/caddy_plan-v1.1.md
Caddy/scripts/inspect-caddy-failover-action28j-a-route.sh	historical-action	no	-	-	Caddy/docs/caddy_plan-v1.1.md
Caddy/scripts/inspect-caddy-failover-action28j-c-route.sh	historical-action	no	-	-	Caddy/docs/caddy_plan-v1.1.md
Caddy/scripts/inspect-caddy-notifier-context-action20d-c.sh	historical-action	no	-	-	Caddy/docs/caddy_plan-v1.1.md
Caddy/scripts/inspect-caddy-runtime-directories-action20e-a.sh	historical-action	no	-	-	Caddy/docs/caddy_plan-v1.1.md
Caddy/scripts/inspect-caddy-runtime-directories-action20e-retry-a.sh	historical-action	no	-	-	Caddy/docs/caddy_plan-v1.1.md
Caddy/scripts/inspect-caddy-vrrp-emergency-master-eligibility-action18c-vrrp-a.sh	historical-action	no	-	-	Caddy/docs/caddy_plan-v1.1.md
Caddy/scripts/inspect-coupled-vip-convergence-action28r.sh	historical-action	no	-	-	Caddy/docs/caddy_plan-v1.1.md
Caddy/scripts/inspect-dns-continuity-action17c-c-c-a.sh	historical-action	no	-	-	Caddy/docs/caddy_plan-v1.1.md
Caddy/scripts/inspect-dns-vip-response-path-action17m-b.sh	historical-action	no	-	-	Caddy/docs/caddy_plan-v1.1.md
Caddy/scripts/inspect-dual-node-caddy-failover-action28i.sh	historical-action	no	-	-	Caddy/docs/caddy_plan-v1.1.md
Caddy/scripts/inspect-dual-node-caddy-failover-action28j.sh	historical-action	no	-	-	Caddy/docs/caddy_plan-v1.1.md
Caddy/scripts/inspect-dual-node-caddy-health-context-action20a-a.sh	historical-action	no	-	-	Caddy/docs/caddy_plan-v1.1.md
Caddy/scripts/inspect-dual-node-caddy-postactivation-action20d-retry10-a.sh	historical-action	no	-	-	Caddy/docs/caddy_plan-v1.1.md
Caddy/scripts/inspect-dual-node-caddy-postfailure-continuity-action20a-b.sh	historical-action	no	-	-	Caddy/docs/caddy_plan-v1.1.md
Caddy/scripts/inspect-dual-node-caddy-readiness-action20d-retry10.sh	historical-action	no	-	-	Caddy/docs/caddy_plan-v1.1.md
Caddy/scripts/inspect-dual-node-caddy-readiness-action20d-retry9.sh	historical-action	no	-	-	Caddy/docs/caddy_plan-v1.1.md
Caddy/scripts/inspect-dual-node-caddy-vrrp-preactivation-action20a-retry.sh	historical-action	no	-	-	Caddy/docs/caddy_plan-v1.1.md
Caddy/scripts/inspect-dual-node-caddy-vrrp-preactivation-action20a-retry2.sh	historical-action	no	-	-	Caddy/docs/caddy_plan-v1.1.md
Caddy/scripts/inspect-dual-node-caddy-vrrp-preactivation-action20a.sh	historical-action	no	-	-	Caddy/docs/caddy_plan-v1.1.md
Caddy/scripts/inspect-dual-node-dns-record-families-action24.sh	historical-action	no	-	-	Caddy/docs/caddy_plan-v1.1.md
Caddy/scripts/inspect-dual-node-dns-sync-readiness-action17l.sh	historical-action	no	-	-	Caddy/docs/caddy_plan-v1.1.md
Caddy/scripts/inspect-dual-node-keepalived-post-action20p-a.sh	historical-action	no	-	-	Caddy/docs/caddy_plan-v1.1.md
Caddy/scripts/inspect-dual-node-pihole-web-access-action25-retry.sh	historical-action	no	-	-	Caddy/docs/caddy_plan-v1.1.md
Caddy/scripts/inspect-dual-node-pihole-web-access-action25-retry2.sh	historical-action	no	-	-	Caddy/docs/caddy_plan-v1.1.md
Caddy/scripts/inspect-dual-node-pihole-web-access-action25.sh	historical-action	no	-	-	Caddy/docs/caddy_plan-v1.1.md
Caddy/scripts/inspect-final-deployment-action29.sh	historical-action	no	-	-	Caddy/docs/caddy_plan-v1.1.md
Caddy/scripts/inspect-final-deployment-action29a.sh	historical-action	no	-	-	Caddy/docs/caddy_plan-v1.1.md
Caddy/scripts/inspect-final-deployment-action29c.sh	historical-action	no	-	-	Caddy/docs/caddy_plan-v1.1.md
Caddy/scripts/inspect-final-deployment-action29d.sh	historical-action	no	-	-	Caddy/docs/caddy_plan-v1.1.md
Caddy/scripts/inspect-final-deployment-action29e.sh	historical-action	no	-	-	Caddy/docs/caddy_plan-v1.1.md
Caddy/scripts/inspect-final-deployment-action29f.sh	historical-action	no	-	-	Caddy/docs/caddy_plan-v1.1.md
Caddy/scripts/inspect-final-deployment-action29g.sh	historical-action	no	-	-	Caddy/docs/caddy_plan-v1.1.md
Caddy/scripts/inspect-final-deployment-action29h.sh	historical-action	no	-	-	Caddy/docs/caddy_plan-v1.1.md
Caddy/scripts/inspect-final-deployment-action29i.sh	historical-action	no	-	-	Caddy/docs/caddy_plan-v1.1.md
Caddy/scripts/inspect-historical-release-manifest-action28e-c.sh	historical-action	no	-	-	Caddy/docs/caddy_plan-v1.1.md
Caddy/scripts/inspect-keepalived-dbus-readiness-action20l.sh	historical-action	no	-	-	Caddy/docs/caddy_plan-v1.1.md
Caddy/scripts/inspect-node-a-action18b-postfailure-action18b-a.sh	historical-action	no	-	-	Caddy/docs/caddy_plan-v1.1.md
Caddy/scripts/inspect-node-a-caddy-health-group-postinstall-action20f-a.sh	historical-action	no	-	-	Caddy/docs/caddy_plan-v1.1.md
Caddy/scripts/inspect-node-a-caddy-health-instrumentation-postinstall-action20d-retry10-d-retry2-a.sh	historical-action	no	-	-	Caddy/docs/caddy_plan-v1.1.md
Caddy/scripts/inspect-node-a-caddy-health-postinstall-action20c-a.sh	historical-action	no	-	-	Caddy/docs/caddy_plan-v1.1.md
Caddy/scripts/inspect-node-a-caddy-health-timing-action20d-retry10-c.sh	historical-action	no	-	-	Caddy/docs/caddy_plan-v1.1.md
Caddy/scripts/inspect-node-a-caddy-service-restoration-action28m-a.sh	historical-action	no	-	-	Caddy/docs/caddy_plan-v1.1.md
Caddy/scripts/inspect-node-a-caddy-service-restoration-action28m-b.sh	historical-action	no	-	-	Caddy/docs/caddy_plan-v1.1.md
Caddy/scripts/inspect-node-a-caddy-vrrp-postfailure-action20d-a.sh	historical-action	no	-	-	Caddy/docs/caddy_plan-v1.1.md
Caddy/scripts/inspect-node-a-cutover-preflight-action16ao.sh	historical-action	no	-	-	Caddy/docs/caddy_plan-v1.1.md
Caddy/scripts/inspect-node-a-dns-nss-post-rollback-action17n-a.sh	historical-action	no	-	-	Caddy/docs/caddy_plan-v1.1.md
Caddy/scripts/inspect-node-a-incoming-release-action18c.sh	historical-action	no	-	-	Caddy/docs/caddy_plan-v1.1.md
Caddy/scripts/inspect-node-a-keepalived-dbus-main-postinstall-action20n-a-retry.sh	historical-action	no	-	-	Caddy/docs/caddy_plan-v1.1.md
Caddy/scripts/inspect-node-a-keepalived-dbus-main-postinstall-action20n-a.sh	historical-action	no	-	-	Caddy/docs/caddy_plan-v1.1.md
Caddy/scripts/inspect-node-a-lsyncd-package.sh	historical-superseded	no	-	-	Caddy/scripts/README.md
Caddy/scripts/inspect-node-a-pihole-ptr-postchange-action23e-a-retry.sh	historical-action	no	-	-	Caddy/docs/caddy_plan-v1.1.md
Caddy/scripts/inspect-node-a-pihole-ptr-postchange-action23e-a-retry2.sh	historical-action	no	-	-	Caddy/docs/caddy_plan-v1.1.md
Caddy/scripts/inspect-node-a-pihole-ptr-postchange-action23e-a.sh	historical-action	no	-	-	Caddy/docs/caddy_plan-v1.1.md
Caddy/scripts/inspect-node-a-pihole-ptr-postinstall-action23f-a.sh	historical-action	no	-	-	Caddy/docs/caddy_plan-v1.1.md
Caddy/scripts/inspect-node-a-pihole-response-path-action17n-b-retry.sh	historical-action	no	-	-	Caddy/docs/caddy_plan-v1.1.md
Caddy/scripts/inspect-node-a-pihole-response-path-action17n-b.sh	historical-action	no	-	-	Caddy/docs/caddy_plan-v1.1.md
Caddy/scripts/inspect-node-a-post-cutover-action16aq.sh	historical-action	no	-	-	Caddy/docs/caddy_plan-v1.1.md
Caddy/scripts/inspect-node-a-post-repair-continuity-action16ak-d.sh	historical-action	no	-	-	Caddy/docs/caddy_plan-v1.1.md
Caddy/scripts/inspect-node-a-protocol-v2-readiness-action17r-c.sh	historical-action	no	-	-	Caddy/docs/caddy_plan-v1.1.md
Caddy/scripts/inspect-node-a-protocol-v2-readiness-action17r.sh	historical-action	no	-	-	Caddy/docs/caddy_plan-v1.1.md
Caddy/scripts/inspect-node-a-publisher-postfailure-action28a-a.sh	historical-action	no	-	-	Caddy/docs/caddy_plan-v1.1.md
Caddy/scripts/inspect-node-a-publisher-postinstall-action28b-a.sh	historical-action	no	-	-	Caddy/docs/caddy_plan-v1.1.md
Caddy/scripts/inspect-node-a-retained-stage-metadata-action16ak-b.sh	historical-action	no	-	-	Caddy/docs/caddy_plan-v1.1.md
Caddy/scripts/inspect-node-a-source-bound-restricted-transport-action17o.sh	historical-action	no	-	-	Caddy/docs/caddy_plan-v1.1.md
Caddy/scripts/inspect-node-a-sync-continuity-action16aj-c.sh	historical-action	no	-	-	Caddy/docs/caddy_plan-v1.1.md
Caddy/scripts/inspect-node-a-sync-ssh-postinstall-action16ak-e.sh	historical-action	no	-	-	Caddy/docs/caddy_plan-v1.1.md
Caddy/scripts/inspect-node-a-sync-ssh-prestate-action16ai.sh	historical-action	no	-	-	Caddy/docs/caddy_plan-v1.1.md
Caddy/scripts/inspect-node-a-sysctl-preflight-action16z.sh	historical-action	no	-	-	Caddy/docs/caddy_plan-v1.1.md
Caddy/scripts/inspect-node-a-systemd-postinstall-action16an-a.sh	historical-action	no	-	-	Caddy/docs/caddy_plan-v1.1.md
Caddy/scripts/inspect-node-a-systemd-preflight-action16al.sh	historical-action	no	-	-	Caddy/docs/caddy_plan-v1.1.md
Caddy/scripts/inspect-node-a-systemd-stage-action16am-a.sh	historical-action	no	-	-	Caddy/docs/caddy_plan-v1.1.md
Caddy/scripts/inspect-node-a-two-file-unbound-preflight-action17h.sh	historical-action	no	-	-	Caddy/docs/caddy_plan-v1.1.md
Caddy/scripts/inspect-node-a-unbound-dual-stage-action17j-a.sh	historical-action	no	-	-	Caddy/docs/caddy_plan-v1.1.md
Caddy/scripts/inspect-node-a-unbound-post-activation-action17k-a.sh	historical-action	no	-	-	Caddy/docs/caddy_plan-v1.1.md
Caddy/scripts/inspect-node-a-unbound-postrollback-ptr-action23b-a.sh	historical-action	no	-	-	Caddy/docs/caddy_plan-v1.1.md
Caddy/scripts/inspect-node-a-unbound-semantic-diff-action17h-a.sh	historical-action	no	-	-	Caddy/docs/caddy_plan-v1.1.md
Caddy/scripts/inspect-node-a-unicast-ttl-postinstall-action20k-a.sh	historical-action	no	-	-	Caddy/docs/caddy_plan-v1.1.md
Caddy/scripts/inspect-node-a-uuid-runtime-package-action16u.sh	historical-action	no	-	-	Caddy/docs/caddy_plan-v1.1.md
Caddy/scripts/inspect-node-b-action15-remediation-preflight.sh	historical-action	no	-	-	Caddy/docs/caddy_plan-v1.1.md
Caddy/scripts/inspect-node-b-action15-retry-rollback.sh	historical-action	no	-	-	Caddy/docs/caddy_plan-v1.1.md
Caddy/scripts/inspect-node-b-action15-retry2-failure.sh	historical-action	no	-	-	Caddy/docs/caddy_plan-v1.1.md
Caddy/scripts/inspect-node-b-action15-timeout-provenance.sh	historical-action	no	-	-	Caddy/docs/caddy_plan-v1.1.md
Caddy/scripts/inspect-node-b-action15i-failure.sh	historical-action	no	-	-	Caddy/docs/caddy_plan-v1.1.md
Caddy/scripts/inspect-node-b-action17s-retry-stderr-action17s-b.sh	historical-action	no	-	-	Caddy/docs/caddy_plan-v1.1.md
Caddy/scripts/inspect-node-b-action17s-rollback-output-action17s-a.sh	historical-action	no	-	-	Caddy/docs/caddy_plan-v1.1.md
Caddy/scripts/inspect-node-b-action19b-postfailure-action19b-a-retry2.sh	historical-action	no	-	-	Caddy/docs/caddy_plan-v1.1.md
Caddy/scripts/inspect-node-b-action19b-postfailure-action19b-a.sh	historical-action	no	-	-	Caddy/docs/caddy_plan-v1.1.md
Caddy/scripts/inspect-node-b-action28q-notifier-evidence.sh	historical-action	no	-	-	Caddy/docs/caddy_plan-v1.1.md
Caddy/scripts/inspect-node-b-caddy-environment-provenance-action20d-retry10-b.sh	historical-action	no	-	-	Caddy/docs/caddy_plan-v1.1.md
Caddy/scripts/inspect-node-b-caddy-health-group-postinstall-action20g-a.sh	historical-action	no	-	-	Caddy/docs/caddy_plan-v1.1.md
Caddy/scripts/inspect-node-b-caddy-health-postinstall-action20b-a.sh	historical-action	no	-	-	Caddy/docs/caddy_plan-v1.1.md
Caddy/scripts/inspect-node-b-caddy-service-restoration-action28o-a.sh	historical-action	no	-	-	Caddy/docs/caddy_plan-v1.1.md
Caddy/scripts/inspect-node-b-caddy-state-difference-action20a-retry-a.sh	historical-action	no	-	-	Caddy/docs/caddy_plan-v1.1.md
Caddy/scripts/inspect-node-b-caddy-vrrp-relinquish-action28p-a.sh	historical-action	no	-	-	Caddy/docs/caddy_plan-v1.1.md
Caddy/scripts/inspect-node-b-dns-nss-post-correction-action17m-a.sh	historical-action	no	-	-	Caddy/docs/caddy_plan-v1.1.md
Caddy/scripts/inspect-node-b-incoming-release-action17p.sh	historical-action	no	-	-	Caddy/docs/caddy_plan-v1.1.md
Caddy/scripts/inspect-node-b-incoming-release-action28.sh	historical-action	no	-	-	Caddy/docs/caddy_plan-v1.1.md
Caddy/scripts/inspect-node-b-incoming-release-action28f.sh	historical-action	no	-	-	Caddy/docs/caddy_plan-v1.1.md
Caddy/scripts/inspect-node-b-ipv6-restricted-transport-action17c-a.sh	historical-action	no	-	-	Caddy/docs/caddy_plan-v1.1.md
Caddy/scripts/inspect-node-b-keepalived-dbus-main-postinstall-action20m-a.sh	historical-action	no	-	-	Caddy/docs/caddy_plan-v1.1.md
Caddy/scripts/inspect-node-b-keepalived-dbus-postactivation-action20o-b.sh	historical-action	no	-	-	Caddy/docs/caddy_plan-v1.1.md
Caddy/scripts/inspect-node-b-keepalived-dbus-postrollback-action20o-a-retry.sh	historical-action	no	-	-	Caddy/docs/caddy_plan-v1.1.md
Caddy/scripts/inspect-node-b-keepalived-dbus-postrollback-action20o-a.sh	historical-action	no	-	-	Caddy/docs/caddy_plan-v1.1.md
Caddy/scripts/inspect-node-b-keepalived-fragment-postinstall-action19a-b.sh	historical-action	no	-	-	Caddy/docs/caddy_plan-v1.1.md
Caddy/scripts/inspect-node-b-keepalived-helper-prerequisite-action19a-a.sh	historical-action	no	-	-	Caddy/docs/caddy_plan-v1.1.md
Caddy/scripts/inspect-node-b-node-a-dbus-peer-action20p.sh	historical-action	no	-	-	Caddy/docs/caddy_plan-v1.1.md
Caddy/scripts/inspect-node-b-normal-publisher-rejection-action28h.sh	historical-action	no	-	-	Caddy/docs/caddy_plan-v1.1.md
Caddy/scripts/inspect-node-b-pihole-ptr-postfailure-action23c-a.sh	historical-action	no	-	-	Caddy/docs/caddy_plan-v1.1.md
Caddy/scripts/inspect-node-b-pihole-ptr-postinstall-action23d-a.sh	historical-action	no	-	-	Caddy/docs/caddy_plan-v1.1.md
Caddy/scripts/inspect-node-b-protocol-v2-postfailure-action17q-a.sh	historical-action	no	-	-	Caddy/docs/caddy_plan-v1.1.md
Caddy/scripts/inspect-node-b-protocol-v2-postinstall-action17q-b.sh	historical-action	no	-	-	Caddy/docs/caddy_plan-v1.1.md
Caddy/scripts/inspect-node-b-protocol-v2-readiness-action17r.sh	historical-action	no	-	-	Caddy/docs/caddy_plan-v1.1.md
Caddy/scripts/inspect-node-b-restricted-transport-state-action17c.sh	historical-action	no	-	-	Caddy/docs/caddy_plan-v1.1.md
Caddy/scripts/inspect-node-b-runtime-shadow-metadata-action20e-b.sh	historical-action	no	-	-	Caddy/docs/caddy_plan-v1.1.md
Caddy/scripts/inspect-node-b-source-bound-restricted-transport-action17o.sh	historical-action	no	-	-	Caddy/docs/caddy_plan-v1.1.md
Caddy/scripts/inspect-node-b-stderr-safe-finalizer-postinstall-action17u-a.sh	historical-action	no	-	-	Caddy/docs/caddy_plan-v1.1.md
Caddy/scripts/inspect-node-b-stdout-safe-finalizer-postinstall-action17t-a.sh	historical-action	no	-	-	Caddy/docs/caddy_plan-v1.1.md
Caddy/scripts/inspect-node-b-sync-peer-material-action16ai.sh	historical-action	no	-	-	Caddy/docs/caddy_plan-v1.1.md
Caddy/scripts/inspect-node-b-two-file-unbound-preflight-action17d.sh	historical-action	no	-	-	Caddy/docs/caddy_plan-v1.1.md
Caddy/scripts/inspect-node-b-unbound-a-records-post-action23a-a.sh	historical-action	no	-	-	Caddy/docs/caddy_plan-v1.1.md
Caddy/scripts/inspect-node-b-unbound-local-zone-stage-action17f-c.sh	historical-action	no	-	-	Caddy/docs/caddy_plan-v1.1.md
Caddy/scripts/inspect-node-b-unbound-post-activation-action17g-a.sh	historical-action	no	-	-	Caddy/docs/caddy_plan-v1.1.md
Caddy/scripts/inspect-node-b-unicast-ttl-postinstall-action20k-b.sh	historical-action	no	-	-	Caddy/docs/caddy_plan-v1.1.md
Caddy/scripts/inspect-protocol-v2-post-action28e-a.sh	historical-action	no	-	-	Caddy/docs/caddy_plan-v1.1.md
Caddy/scripts/inspect-protocol-v2-post-action28e-b.sh	historical-action	no	-	-	Caddy/docs/caddy_plan-v1.1.md
Caddy/scripts/inspect-protocol-v2-post-action28e-e.sh	historical-action	no	-	-	Caddy/docs/caddy_plan-v1.1.md
Caddy/scripts/inspect-protocol-v2-post-action28g-a-residue.sh	historical-action	no	-	-	Caddy/docs/caddy_plan-v1.1.md
Caddy/scripts/inspect-protocol-v2-post-action28g-b.sh	historical-action	no	-	-	Caddy/docs/caddy_plan-v1.1.md
Caddy/scripts/inspect-release-transfer-failure-action17p-a.sh	historical-action	no	-	-	Caddy/docs/caddy_plan-v1.1.md
Caddy/scripts/inspect-reverse-sync-readiness-action18a.sh	historical-action	no	-	-	Caddy/docs/caddy_plan-v1.1.md
Caddy/scripts/inspect-sync-readiness-before-action17.sh	historical-action	no	-	-	Caddy/docs/caddy_plan-v1.1.md
Caddy/scripts/inspect-workstation-wsl-mirrored-postinstall-action26-c-a.sh	workstation-only	no	-	-	Caddy/scripts/README.md
Caddy/scripts/inspect-workstation-wsl-mirrored-postrestart-action26-d.sh	workstation-only	no	-	-	Caddy/scripts/README.md
Caddy/scripts/install-caddy-ha.sh	production-current	no	-	-	Caddy/scripts/README.md
Caddy/scripts/install-caddy-runtime-directories-action20e-retry.sh	historical-action	no	-	-	Caddy/docs/caddy_plan-v1.1.md
Caddy/scripts/install-caddy-runtime-directories-action20e-retry2.sh	historical-action	no	-	-	Caddy/docs/caddy_plan-v1.1.md
Caddy/scripts/install-caddy-runtime-directories-action20e.sh	historical-action	no	-	-	Caddy/docs/caddy_plan-v1.1.md
Caddy/scripts/install-caddy-unicast-ttl-action20k.sh	historical-action	no	-	-	Caddy/docs/caddy_plan-v1.1.md
Caddy/scripts/install-node-a-caddy-action16n-retry.sh	historical-action	no	-	-	Caddy/docs/caddy_plan-v1.1.md
Caddy/scripts/install-node-a-caddy-configuration-action16ah.sh	historical-action	no	-	-	Caddy/docs/caddy_plan-v1.1.md
Caddy/scripts/install-node-a-caddy-health-context-action20c.sh	historical-action	no	-	-	Caddy/docs/caddy_plan-v1.1.md
Caddy/scripts/install-node-a-caddy-health-group-action20f.sh	historical-action	no	-	-	Caddy/docs/caddy_plan-v1.1.md
Caddy/scripts/install-node-a-caddy-health-helper-action20h-retry.sh	historical-action	no	-	-	Caddy/docs/caddy_plan-v1.1.md
Caddy/scripts/install-node-a-caddy-health-helper-action20h.sh	historical-action	no	-	-	Caddy/docs/caddy_plan-v1.1.md
Caddy/scripts/install-node-a-caddy-health-instrumentation-action20d-retry10-d.sh	historical-action	no	-	-	Caddy/docs/caddy_plan-v1.1.md
Caddy/scripts/install-node-a-keepalived-dbus-main-action20n.sh	historical-action	no	-	-	Caddy/docs/caddy_plan-v1.1.md
Caddy/scripts/install-node-a-lsyncd-action16r.sh	historical-action	no	-	-	Caddy/docs/caddy_plan-v1.1.md
Caddy/scripts/install-node-a-protocol-v2-publisher-action28a.sh	historical-action	no	-	-	Caddy/docs/caddy_plan-v1.1.md
Caddy/scripts/install-node-a-protocol-v2-publisher-action28b.sh	historical-action	no	-	-	Caddy/docs/caddy_plan-v1.1.md
Caddy/scripts/install-node-a-service-identities-action16y.sh	historical-action	no	-	-	Caddy/docs/caddy_plan-v1.1.md
Caddy/scripts/install-node-a-sync-ssh-action16ak.sh	historical-action	no	-	-	Caddy/docs/caddy_plan-v1.1.md
Caddy/scripts/install-node-a-sysctl-action16aa.sh	historical-action	no	-	-	Caddy/docs/caddy_plan-v1.1.md
Caddy/scripts/install-node-a-systemd-action16an.sh	historical-action	no	-	-	Caddy/docs/caddy_plan-v1.1.md
Caddy/scripts/install-node-a-uuid-runtime-action16w.sh	historical-action	no	-	-	Caddy/docs/caddy_plan-v1.1.md
Caddy/scripts/install-node-b-action15-caddy-override.sh	historical-action	no	-	-	Caddy/docs/caddy_plan-v1.1.md
Caddy/scripts/install-node-b-action15-remediation-release.sh	historical-action	no	-	-	Caddy/docs/caddy_plan-v1.1.md
Caddy/scripts/install-node-b-caddy-health-context-action20b.sh	historical-action	no	-	-	Caddy/docs/caddy_plan-v1.1.md
Caddy/scripts/install-node-b-keepalived-dbus-main-action20m.sh	historical-action	no	-	-	Caddy/docs/caddy_plan-v1.1.md
Caddy/scripts/install-node-b-keepalived-fragment-action19a.sh	historical-action	no	-	-	Caddy/docs/caddy_plan-v1.1.md
Caddy/scripts/install-node-b-keepalived-helpers-action19b-retry.sh	historical-action	no	-	-	Caddy/docs/caddy_plan-v1.1.md
Caddy/scripts/install-node-b-keepalived-helpers-action19b.sh	historical-action	no	-	-	Caddy/docs/caddy_plan-v1.1.md
Caddy/scripts/install-node-b-lighttpd-helper-update.sh	historical-superseded	no	-	-	Caddy/scripts/README.md
Caddy/scripts/install-node-b-protocol-compatible-coupling-action28s.sh	historical-action	no	-	-	Caddy/docs/caddy_plan-v1.1.md
Caddy/scripts/install-node-b-protocol-v2-action17q-retry.sh	historical-action	no	-	-	Caddy/docs/caddy_plan-v1.1.md
Caddy/scripts/install-node-b-protocol-v2-action17q.sh	historical-action	no	-	-	Caddy/docs/caddy_plan-v1.1.md
Caddy/scripts/install-node-b-protocol-v2-publisher-action18c-prerequisite.sh	historical-action	no	-	-	Caddy/docs/caddy_plan-v1.1.md
Caddy/scripts/install-node-b-stderr-safe-finalizer-action17u.sh	historical-action	no	-	-	Caddy/docs/caddy_plan-v1.1.md
Caddy/scripts/install-node-b-stdout-safe-finalizer-action17t.sh	historical-action	no	-	-	Caddy/docs/caddy_plan-v1.1.md
Caddy/scripts/install-workstation-wsl-mirrored-action26-c.sh	workstation-only	no	-	-	Caddy/scripts/README.md
Caddy/scripts/instrument-node-b-unbound-local-zone-action17f-retry.sh	historical-action	no	-	-	Caddy/docs/caddy_plan-v1.1.md
Caddy/scripts/lsyncd-ha-failover-notify.sh	historical-superseded	no	-	-	Caddy/scripts/README.md
Caddy/scripts/lsyncd-sync-failure-notify.sh	production-current	yes	/usr/local/libexec/lsyncd-sync-failure-notify.sh	0755	Caddy/systemd/caddy-sync-failure@.service
Caddy/scripts/migrate-node-b-retained-release-marker-action17s-retry.sh	historical-action	no	-	-	Caddy/docs/caddy_plan-v1.1.md
Caddy/scripts/migrate-node-b-retained-release-marker-action17s.sh	historical-action	no	-	-	Caddy/docs/caddy_plan-v1.1.md
Caddy/scripts/prepare-certificate.sh	historical-superseded	no	-	-	Caddy/scripts/README.md
Caddy/scripts/prepare-lighttpd-config.sh	production-current	yes	/usr/local/libexec/prepare-lighttpd-config.sh	0755	Caddy/configs/lighttpd/desired-state.conf
Caddy/scripts/prepare-workstation-certificate-stage-action16ad.sh	workstation-only	no	-	-	Caddy/scripts/README.md
Caddy/scripts/publish-release-v2.sh	production-current	yes	/usr/local/libexec/publish-release-v2.sh	0755	Caddy/manifests/production-artifacts.tsv
Caddy/scripts/publish-release.sh	historical-superseded	no	-	-	Caddy/scripts/README.md
Caddy/scripts/reconcile-release-v2.sh	production-current	yes	/usr/local/libexec/reconcile-release.sh	0755	Caddy/manifests/production-artifacts.tsv
Caddy/scripts/reconcile-release.sh	historical-superseded	no	-	-	Caddy/scripts/README.md
Caddy/scripts/refine-node-a-rsync-output-classification-action17o-b.sh	historical-action	no	-	-	Caddy/docs/caddy_plan-v1.1.md
Caddy/scripts/relinquish-node-b-caddy-vrrp-action28n.sh	historical-action	no	-	-	Caddy/docs/caddy_plan-v1.1.md
Caddy/scripts/relinquish-node-b-caddy-vrrp-action28p.sh	historical-action	no	-	-	Caddy/docs/caddy_plan-v1.1.md
Caddy/scripts/render-node-b-stdout-safe-finalizer-action17t.sh	historical-action	no	-	-	Caddy/docs/caddy_plan-v1.1.md
Caddy/scripts/render-node-config.sh	production-current	no	-	-	Caddy/scripts/README.md
Caddy/scripts/render-source-bound-sync-config-action17c-c.sh	historical-action	no	-	-	Caddy/docs/caddy_plan-v1.1.md
Caddy/scripts/repair-node-a-retained-stage-mode-action16ak-c.sh	historical-action	no	-	-	Caddy/docs/caddy_plan-v1.1.md
Caddy/scripts/repair-node-b-action17u-backup-manifest-action17u-b.sh	historical-action	no	-	-	Caddy/docs/caddy_plan-v1.1.md
Caddy/scripts/restore-node-a-caddy-service-action28m.sh	historical-action	no	-	-	Caddy/docs/caddy_plan-v1.1.md
Caddy/scripts/restore-node-b-caddy-service-action28o.sh	historical-action	no	-	-	Caddy/docs/caddy_plan-v1.1.md
Caddy/scripts/run-action20d-retry2-suite-boundary-diagnostic-outer.sh	historical-action	no	-	-	Caddy/docs/caddy_plan-v1.1.md
Caddy/scripts/run-action20h-a-consumer-correction.sh	historical-action	no	-	-	Caddy/docs/caddy_plan-v1.1.md
Caddy/scripts/run-action20i-a-retry-transcript-consumer-correction.sh	historical-action	no	-	-	Caddy/docs/caddy_plan-v1.1.md
Caddy/scripts/run-action23a-a-transcript-consumer-correction.sh	historical-action	no	-	-	Caddy/docs/caddy_plan-v1.1.md
Caddy/scripts/run-action28e-c-historical-identity-consumer-correction.sh	historical-action	no	-	-	Caddy/docs/caddy_plan-v1.1.md
Caddy/scripts/run-caddy-unicast-ttl-action20k-outer.sh	historical-action	no	-	-	Caddy/docs/caddy_plan-v1.1.md
Caddy/scripts/run-caddy-validation-provenance-action16ap-b.sh	historical-action	no	-	-	Caddy/docs/caddy_plan-v1.1.md
Caddy/scripts/run-dns-continuity-action17c-c-c-a.sh	historical-action	no	-	-	Caddy/docs/caddy_plan-v1.1.md
Caddy/scripts/run-dns-path-authority-diagnostic-action17c-c-c-retry.sh	historical-action	no	-	-	Caddy/docs/caddy_plan-v1.1.md
Caddy/scripts/run-dns-path-authority-diagnostic-action17c-c-c.sh	historical-action	no	-	-	Caddy/docs/caddy_plan-v1.1.md
Caddy/scripts/run-dns-vip-response-path-diagnostic-action17m-b.sh	historical-action	no	-	-	Caddy/docs/caddy_plan-v1.1.md
Caddy/scripts/run-dual-node-action28r-transition-rollback-action28r-a-outer.sh	historical-action	no	-	-	Caddy/docs/caddy_plan-v1.1.md
Caddy/scripts/run-dual-node-caddy-environment-v2-action31-outer.sh	historical-action	no	-	-	Caddy/docs/caddy_plan-v1.1.md
Caddy/scripts/run-dual-node-caddy-failover-action28i-outer.sh	historical-action	no	-	-	Caddy/docs/caddy_plan-v1.1.md
Caddy/scripts/run-dual-node-caddy-failover-action28j-outer.sh	historical-action	no	-	-	Caddy/docs/caddy_plan-v1.1.md
Caddy/scripts/run-dual-node-caddy-failover-post-action28j-a-outer.sh	historical-action	no	-	-	Caddy/docs/caddy_plan-v1.1.md
Caddy/scripts/run-dual-node-caddy-failover-post-action28j-b-outer.sh	historical-action	no	-	-	Caddy/docs/caddy_plan-v1.1.md
Caddy/scripts/run-dual-node-caddy-failover-post-action28j-c-outer.sh	historical-action	no	-	-	Caddy/docs/caddy_plan-v1.1.md
Caddy/scripts/run-dual-node-caddy-health-context-action20a-a-outer.sh	historical-action	no	-	-	Caddy/docs/caddy_plan-v1.1.md
Caddy/scripts/run-dual-node-caddy-health-context-action20a-a.sh	historical-action	no	-	-	Caddy/docs/caddy_plan-v1.1.md
Caddy/scripts/run-dual-node-caddy-notifier-context-action20d-c-outer.sh	historical-action	no	-	-	Caddy/docs/caddy_plan-v1.1.md
Caddy/scripts/run-dual-node-caddy-notifier-context-action20d-c-retry-outer.sh	historical-action	no	-	-	Caddy/docs/caddy_plan-v1.1.md
Caddy/scripts/run-dual-node-caddy-notifier-context-action20d-c.sh	historical-action	no	-	-	Caddy/docs/caddy_plan-v1.1.md
Caddy/scripts/run-dual-node-caddy-postactivation-action20d-retry10-a-outer.sh	historical-action	no	-	-	Caddy/docs/caddy_plan-v1.1.md
Caddy/scripts/run-dual-node-caddy-postactivation-action20d-retry10-a-retry-outer.sh	historical-action	no	-	-	Caddy/docs/caddy_plan-v1.1.md
Caddy/scripts/run-dual-node-caddy-postactivation-action20d-retry10-a.sh	historical-action	no	-	-	Caddy/docs/caddy_plan-v1.1.md
Caddy/scripts/run-dual-node-caddy-postactivation-action20j-a-outer.sh	historical-action	no	-	-	Caddy/docs/caddy_plan-v1.1.md
Caddy/scripts/run-dual-node-caddy-postfailure-continuity-action20a-b-outer.sh	historical-action	no	-	-	Caddy/docs/caddy_plan-v1.1.md
Caddy/scripts/run-dual-node-caddy-postfailure-continuity-action20a-b.sh	historical-action	no	-	-	Caddy/docs/caddy_plan-v1.1.md
Caddy/scripts/run-dual-node-caddy-readiness-action20d-retry10.sh	historical-action	no	-	-	Caddy/docs/caddy_plan-v1.1.md
Caddy/scripts/run-dual-node-caddy-readiness-action20d-retry9.sh	historical-action	no	-	-	Caddy/docs/caddy_plan-v1.1.md
Caddy/scripts/run-dual-node-caddy-runtime-directories-action20e-outer.sh	historical-action	no	-	-	Caddy/docs/caddy_plan-v1.1.md
Caddy/scripts/run-dual-node-caddy-runtime-directories-action20e-retry-outer.sh	historical-action	no	-	-	Caddy/docs/caddy_plan-v1.1.md
Caddy/scripts/run-dual-node-caddy-runtime-directories-action20e-retry.sh	historical-action	no	-	-	Caddy/docs/caddy_plan-v1.1.md
Caddy/scripts/run-dual-node-caddy-runtime-directories-action20e-retry2-outer.sh	historical-action	no	-	-	Caddy/docs/caddy_plan-v1.1.md
Caddy/scripts/run-dual-node-caddy-runtime-directories-action20e-retry2.sh	historical-action	no	-	-	Caddy/docs/caddy_plan-v1.1.md
Caddy/scripts/run-dual-node-caddy-runtime-directories-action20e.sh	historical-action	no	-	-	Caddy/docs/caddy_plan-v1.1.md
Caddy/scripts/run-dual-node-caddy-runtime-postinstall-action20e-a-outer.sh	historical-action	no	-	-	Caddy/docs/caddy_plan-v1.1.md
Caddy/scripts/run-dual-node-caddy-runtime-postinstall-action20e-a.sh	historical-action	no	-	-	Caddy/docs/caddy_plan-v1.1.md
Caddy/scripts/run-dual-node-caddy-runtime-postinstall-action20e-retry-a-outer.sh	historical-action	no	-	-	Caddy/docs/caddy_plan-v1.1.md
Caddy/scripts/run-dual-node-caddy-runtime-postinstall-action20e-retry-a.sh	historical-action	no	-	-	Caddy/docs/caddy_plan-v1.1.md
Caddy/scripts/run-dual-node-caddy-runtime-postinstall-action20e-retry2-a-outer.sh	historical-action	no	-	-	Caddy/docs/caddy_plan-v1.1.md
Caddy/scripts/run-dual-node-caddy-service-restoration-post-action28o-a-outer.sh	historical-action	no	-	-	Caddy/docs/caddy_plan-v1.1.md
Caddy/scripts/run-dual-node-caddy-systemd-boot-persistence-action30-outer.sh	historical-action	no	-	-	Caddy/docs/caddy_plan-v1.1.md
Caddy/scripts/run-dual-node-caddy-systemd-boot-persistence-action30a-outer.sh	historical-action	no	-	-	Caddy/docs/caddy_plan-v1.1.md
Caddy/scripts/run-dual-node-caddy-systemd-boot-persistence-action30b-outer.sh	historical-action	no	-	-	Caddy/docs/caddy_plan-v1.1.md
Caddy/scripts/run-dual-node-caddy-systemd-boot-persistence-action30c-outer.sh	historical-action	no	-	-	Caddy/docs/caddy_plan-v1.1.md
Caddy/scripts/run-dual-node-caddy-systemd-boot-persistence-action30d-outer.sh	historical-action	no	-	-	Caddy/docs/caddy_plan-v1.1.md
Caddy/scripts/run-dual-node-caddy-systemd-boot-persistence-action30e-outer.sh	historical-action	no	-	-	Caddy/docs/caddy_plan-v1.1.md
Caddy/scripts/run-dual-node-caddy-vrrp-activation-action20d-outer.sh	historical-action	no	-	-	Caddy/docs/caddy_plan-v1.1.md
Caddy/scripts/run-dual-node-caddy-vrrp-activation-action20d-retry-outer.sh	historical-action	no	-	-	Caddy/docs/caddy_plan-v1.1.md
Caddy/scripts/run-dual-node-caddy-vrrp-activation-action20d-retry.sh	historical-action	no	-	-	Caddy/docs/caddy_plan-v1.1.md
Caddy/scripts/run-dual-node-caddy-vrrp-activation-action20d-retry2-outer.sh	historical-action	no	-	-	Caddy/docs/caddy_plan-v1.1.md
Caddy/scripts/run-dual-node-caddy-vrrp-activation-action20d-retry3-outer.sh	historical-action	no	-	-	Caddy/docs/caddy_plan-v1.1.md
Caddy/scripts/run-dual-node-caddy-vrrp-activation-action20d-retry4-outer.sh	historical-action	no	-	-	Caddy/docs/caddy_plan-v1.1.md
Caddy/scripts/run-dual-node-caddy-vrrp-activation-action20d-retry5-outer.sh	historical-action	no	-	-	Caddy/docs/caddy_plan-v1.1.md
Caddy/scripts/run-dual-node-caddy-vrrp-activation-action20d.sh	historical-action	no	-	-	Caddy/docs/caddy_plan-v1.1.md
Caddy/scripts/run-dual-node-caddy-vrrp-emergency-master-eligibility-action18c-vrrp-a-outer.sh	historical-action	no	-	-	Caddy/docs/caddy_plan-v1.1.md
Caddy/scripts/run-dual-node-caddy-vrrp-emergency-master-eligibility-action18c-vrrp-a.sh	historical-action	no	-	-	Caddy/docs/caddy_plan-v1.1.md
Caddy/scripts/run-dual-node-caddy-vrrp-preactivation-action20a-outer.sh	historical-action	no	-	-	Caddy/docs/caddy_plan-v1.1.md
Caddy/scripts/run-dual-node-caddy-vrrp-preactivation-action20a-retry-outer.sh	historical-action	no	-	-	Caddy/docs/caddy_plan-v1.1.md
Caddy/scripts/run-dual-node-caddy-vrrp-preactivation-action20a-retry.sh	historical-action	no	-	-	Caddy/docs/caddy_plan-v1.1.md
Caddy/scripts/run-dual-node-caddy-vrrp-preactivation-action20a-retry2-outer.sh	historical-action	no	-	-	Caddy/docs/caddy_plan-v1.1.md
Caddy/scripts/run-dual-node-caddy-vrrp-preactivation-action20a-retry2.sh	historical-action	no	-	-	Caddy/docs/caddy_plan-v1.1.md
Caddy/scripts/run-dual-node-caddy-vrrp-preactivation-action20a.sh	historical-action	no	-	-	Caddy/docs/caddy_plan-v1.1.md
Caddy/scripts/run-dual-node-caddy-vrrp-relinquish-post-action28p-a-outer.sh	historical-action	no	-	-	Caddy/docs/caddy_plan-v1.1.md
Caddy/scripts/run-dual-node-coupled-go-live-action28aa-outer.sh	historical-action	no	-	-	Caddy/docs/caddy_plan-v1.1.md
Caddy/scripts/run-dual-node-coupled-go-live-action28ab-outer.sh	historical-action	no	-	-	Caddy/docs/caddy_plan-v1.1.md
Caddy/scripts/run-dual-node-coupled-go-live-action28ac-outer.sh	historical-action	no	-	-	Caddy/docs/caddy_plan-v1.1.md
Caddy/scripts/run-dual-node-coupled-go-live-action28ad-outer.sh	historical-action	no	-	-	Caddy/docs/caddy_plan-v1.1.md
Caddy/scripts/run-dual-node-coupled-go-live-action28ae-outer.sh	historical-action	no	-	-	Caddy/docs/caddy_plan-v1.1.md
Caddy/scripts/run-dual-node-coupled-go-live-action28af-outer.sh	historical-action	no	-	-	Caddy/docs/caddy_plan-v1.1.md
Caddy/scripts/run-dual-node-coupled-go-live-action28ag-outer.sh	historical-action	no	-	-	Caddy/docs/caddy_plan-v1.1.md
Caddy/scripts/run-dual-node-coupled-go-live-action28ah-outer.sh	historical-action	no	-	-	Caddy/docs/caddy_plan-v1.1.md
Caddy/scripts/run-dual-node-coupled-go-live-action28u-outer.sh	historical-action	no	-	-	Caddy/docs/caddy_plan-v1.1.md
Caddy/scripts/run-dual-node-coupled-go-live-action28v-outer.sh	historical-action	no	-	-	Caddy/docs/caddy_plan-v1.1.md
Caddy/scripts/run-dual-node-coupled-go-live-action28w-outer.sh	historical-action	no	-	-	Caddy/docs/caddy_plan-v1.1.md
Caddy/scripts/run-dual-node-coupled-go-live-action28x-outer.sh	historical-action	no	-	-	Caddy/docs/caddy_plan-v1.1.md
Caddy/scripts/run-dual-node-coupled-go-live-action28y-outer.sh	historical-action	no	-	-	Caddy/docs/caddy_plan-v1.1.md
Caddy/scripts/run-dual-node-coupled-go-live-action28z-outer.sh	historical-action	no	-	-	Caddy/docs/caddy_plan-v1.1.md
Caddy/scripts/run-dual-node-coupled-vip-postrollback-action28q-a-outer.sh	historical-action	no	-	-	Caddy/docs/caddy_plan-v1.1.md
Caddy/scripts/run-dual-node-dns-record-families-action24-outer.sh	historical-action	no	-	-	Caddy/docs/caddy_plan-v1.1.md
Caddy/scripts/run-dual-node-dns-record-families-action24-retry-outer.sh	historical-action	no	-	-	Caddy/docs/caddy_plan-v1.1.md
Caddy/scripts/run-dual-node-dns-record-families-action24-retry2-outer.sh	historical-action	no	-	-	Caddy/docs/caddy_plan-v1.1.md
Caddy/scripts/run-dual-node-dns-record-families-action24-retry3-outer.sh	historical-action	no	-	-	Caddy/docs/caddy_plan-v1.1.md
Caddy/scripts/run-dual-node-dns-record-families-action24-retry4-outer.sh	historical-action	no	-	-	Caddy/docs/caddy_plan-v1.1.md
Caddy/scripts/run-dual-node-dns-record-families-action24-retry5-outer.sh	historical-action	no	-	-	Caddy/docs/caddy_plan-v1.1.md
Caddy/scripts/run-dual-node-dns-sync-readiness-action17l.sh	historical-action	no	-	-	Caddy/docs/caddy_plan-v1.1.md
Caddy/scripts/run-dual-node-historical-release-manifest-action28e-c-outer.sh	historical-action	no	-	-	Caddy/docs/caddy_plan-v1.1.md
Caddy/scripts/run-dual-node-keepalived-dbus-readiness-action20l-outer.sh	historical-action	no	-	-	Caddy/docs/caddy_plan-v1.1.md
Caddy/scripts/run-dual-node-keepalived-dbus-readiness-action20l-retry-outer.sh	historical-action	no	-	-	Caddy/docs/caddy_plan-v1.1.md
Caddy/scripts/run-dual-node-keepalived-post-action20p-a-outer.sh	historical-action	no	-	-	Caddy/docs/caddy_plan-v1.1.md
Caddy/scripts/run-dual-node-keepalived-post-action20p-a-retry-outer.sh	historical-action	no	-	-	Caddy/docs/caddy_plan-v1.1.md
Caddy/scripts/run-dual-node-pihole-v5-config-action29b-outer.sh	historical-action	no	-	-	Caddy/docs/caddy_plan-v1.1.md
Caddy/scripts/run-dual-node-pihole-web-access-action25-outer.sh	historical-action	no	-	-	Caddy/docs/caddy_plan-v1.1.md
Caddy/scripts/run-dual-node-pihole-web-access-action25-retry-outer.sh	historical-action	no	-	-	Caddy/docs/caddy_plan-v1.1.md
Caddy/scripts/run-dual-node-pihole-web-access-action25-retry2-outer.sh	historical-action	no	-	-	Caddy/docs/caddy_plan-v1.1.md
Caddy/scripts/run-dual-node-protocol-compatible-coupling-action28t-outer.sh	historical-action	no	-	-	Caddy/docs/caddy_plan-v1.1.md
Caddy/scripts/run-dual-node-protocol-v2-post-action28e-a-outer.sh	historical-action	no	-	-	Caddy/docs/caddy_plan-v1.1.md
Caddy/scripts/run-dual-node-protocol-v2-post-action28e-b-outer.sh	historical-action	no	-	-	Caddy/docs/caddy_plan-v1.1.md
Caddy/scripts/run-dual-node-protocol-v2-post-action28e-e-outer.sh	historical-action	no	-	-	Caddy/docs/caddy_plan-v1.1.md
Caddy/scripts/run-dual-node-protocol-v2-post-action28g-a-outer.sh	historical-action	no	-	-	Caddy/docs/caddy_plan-v1.1.md
Caddy/scripts/run-dual-node-protocol-v2-post-action28g-b-outer.sh	historical-action	no	-	-	Caddy/docs/caddy_plan-v1.1.md
Caddy/scripts/run-dual-node-protocol-v2-post-action28g-c-outer.sh	historical-action	no	-	-	Caddy/docs/caddy_plan-v1.1.md
Caddy/scripts/run-dual-node-protocol-v2-readiness-action17r-c.sh	historical-action	no	-	-	Caddy/docs/caddy_plan-v1.1.md
Caddy/scripts/run-dual-node-protocol-v2-readiness-action17r.sh	historical-action	no	-	-	Caddy/docs/caddy_plan-v1.1.md
Caddy/scripts/run-dual-node-reverse-sync-readiness-action18a-retry-outer.sh	historical-action	no	-	-	Caddy/docs/caddy_plan-v1.1.md
Caddy/scripts/run-dual-node-reverse-sync-readiness-action18a.sh	historical-action	no	-	-	Caddy/docs/caddy_plan-v1.1.md
Caddy/scripts/run-final-deployment-acceptance-action29-outer.sh	historical-action	no	-	-	Caddy/docs/caddy_plan-v1.1.md
Caddy/scripts/run-final-deployment-acceptance-action29a-outer.sh	historical-action	no	-	-	Caddy/docs/caddy_plan-v1.1.md
Caddy/scripts/run-final-deployment-acceptance-action29c-outer.sh	historical-action	no	-	-	Caddy/docs/caddy_plan-v1.1.md
Caddy/scripts/run-final-deployment-acceptance-action29d-outer.sh	historical-action	no	-	-	Caddy/docs/caddy_plan-v1.1.md
Caddy/scripts/run-final-deployment-acceptance-action29e-outer.sh	historical-action	no	-	-	Caddy/docs/caddy_plan-v1.1.md
Caddy/scripts/run-final-deployment-acceptance-action29f-outer.sh	historical-action	no	-	-	Caddy/docs/caddy_plan-v1.1.md
Caddy/scripts/run-final-deployment-acceptance-action29g-outer.sh	historical-action	no	-	-	Caddy/docs/caddy_plan-v1.1.md
Caddy/scripts/run-final-deployment-acceptance-action29h-outer.sh	historical-action	no	-	-	Caddy/docs/caddy_plan-v1.1.md
Caddy/scripts/run-final-deployment-acceptance-action29i-outer.sh	historical-action	no	-	-	Caddy/docs/caddy_plan-v1.1.md
Caddy/scripts/run-final-deployment-acceptance-action29j-outer.sh	historical-action	no	-	-	Caddy/docs/caddy_plan-v1.1.md
Caddy/scripts/run-final-deployment-acceptance-action29k-outer.sh	historical-action	no	-	-	Caddy/docs/caddy_plan-v1.1.md
Caddy/scripts/run-node-a-action16ar-recovery-diagnostic-action16ar-a.sh	historical-action	no	-	-	Caddy/docs/caddy_plan-v1.1.md
Caddy/scripts/run-node-a-action18-prerequisite-action18b-outer.sh	historical-action	no	-	-	Caddy/docs/caddy_plan-v1.1.md
Caddy/scripts/run-node-a-action18-prerequisite-action18b-retry-outer.sh	historical-action	no	-	-	Caddy/docs/caddy_plan-v1.1.md
Caddy/scripts/run-node-a-action18b-postfailure-action18b-a-retry-outer.sh	historical-action	no	-	-	Caddy/docs/caddy_plan-v1.1.md
Caddy/scripts/run-node-a-action18b-postfailure-action18b-a.sh	historical-action	no	-	-	Caddy/docs/caddy_plan-v1.1.md
Caddy/scripts/run-node-a-action18b-postinstall-acceptance-action18b-b-outer.sh	historical-action	no	-	-	Caddy/docs/caddy_plan-v1.1.md
Caddy/scripts/run-node-a-caddy-configuration-install-action16ah.sh	historical-action	no	-	-	Caddy/docs/caddy_plan-v1.1.md
Caddy/scripts/run-node-a-caddy-health-action20d-retry7-a-outer.sh	historical-action	no	-	-	Caddy/docs/caddy_plan-v1.1.md
Caddy/scripts/run-node-a-caddy-health-action20d-retry7-a-retry-outer.sh	historical-action	no	-	-	Caddy/docs/caddy_plan-v1.1.md
Caddy/scripts/run-node-a-caddy-health-action20d-retry7-a-retry.sh	historical-action	no	-	-	Caddy/docs/caddy_plan-v1.1.md
Caddy/scripts/run-node-a-caddy-health-action20d-retry7-a.sh	historical-action	no	-	-	Caddy/docs/caddy_plan-v1.1.md
Caddy/scripts/run-node-a-caddy-health-context-correction-action20c-outer.sh	historical-action	no	-	-	Caddy/docs/caddy_plan-v1.1.md
Caddy/scripts/run-node-a-caddy-health-context-correction-action20c.sh	historical-action	no	-	-	Caddy/docs/caddy_plan-v1.1.md
Caddy/scripts/run-node-a-caddy-health-group-correction-action20f-outer.sh	historical-action	no	-	-	Caddy/docs/caddy_plan-v1.1.md
Caddy/scripts/run-node-a-caddy-health-group-correction-action20f.sh	historical-action	no	-	-	Caddy/docs/caddy_plan-v1.1.md
Caddy/scripts/run-node-a-caddy-health-group-postinstall-action20f-a-outer.sh	historical-action	no	-	-	Caddy/docs/caddy_plan-v1.1.md
Caddy/scripts/run-node-a-caddy-health-group-postinstall-action20f-a.sh	historical-action	no	-	-	Caddy/docs/caddy_plan-v1.1.md
Caddy/scripts/run-node-a-caddy-health-helper-action20h-outer.sh	historical-action	no	-	-	Caddy/docs/caddy_plan-v1.1.md
Caddy/scripts/run-node-a-caddy-health-helper-action20h-retry-outer.sh	historical-action	no	-	-	Caddy/docs/caddy_plan-v1.1.md
Caddy/scripts/run-node-a-caddy-health-helper-action20h-retry.sh	historical-action	no	-	-	Caddy/docs/caddy_plan-v1.1.md
Caddy/scripts/run-node-a-caddy-health-helper-action20h-retry2-outer.sh	historical-action	no	-	-	Caddy/docs/caddy_plan-v1.1.md
Caddy/scripts/run-node-a-caddy-health-helper-action20h-retry3-outer.sh	historical-action	no	-	-	Caddy/docs/caddy_plan-v1.1.md
Caddy/scripts/run-node-a-caddy-health-helper-action20h.sh	historical-action	no	-	-	Caddy/docs/caddy_plan-v1.1.md
Caddy/scripts/run-node-a-caddy-health-helper-postinstall-action20h-a-outer.sh	historical-action	no	-	-	Caddy/docs/caddy_plan-v1.1.md
Caddy/scripts/run-node-a-caddy-health-instrumentation-action20d-retry10-d-outer.sh	historical-action	no	-	-	Caddy/docs/caddy_plan-v1.1.md
Caddy/scripts/run-node-a-caddy-health-instrumentation-action20d-retry10-d-retry-outer.sh	historical-action	no	-	-	Caddy/docs/caddy_plan-v1.1.md
Caddy/scripts/run-node-a-caddy-health-instrumentation-action20d-retry10-d-retry2-outer.sh	historical-action	no	-	-	Caddy/docs/caddy_plan-v1.1.md
Caddy/scripts/run-node-a-caddy-health-instrumentation-action20d-retry10-d.sh	historical-action	no	-	-	Caddy/docs/caddy_plan-v1.1.md
Caddy/scripts/run-node-a-caddy-health-instrumentation-postinstall-action20d-retry10-d-retry2-a-outer.sh	historical-action	no	-	-	Caddy/docs/caddy_plan-v1.1.md
Caddy/scripts/run-node-a-caddy-health-instrumentation-postinstall-action20d-retry10-d-retry2-a.sh	historical-action	no	-	-	Caddy/docs/caddy_plan-v1.1.md
Caddy/scripts/run-node-a-caddy-health-postinstall-action20c-a-outer.sh	historical-action	no	-	-	Caddy/docs/caddy_plan-v1.1.md
Caddy/scripts/run-node-a-caddy-health-postinstall-action20c-a.sh	historical-action	no	-	-	Caddy/docs/caddy_plan-v1.1.md
Caddy/scripts/run-node-a-caddy-health-timing-action20d-retry10-c-outer.sh	historical-action	no	-	-	Caddy/docs/caddy_plan-v1.1.md
Caddy/scripts/run-node-a-caddy-health-timing-action20d-retry10-c.sh	historical-action	no	-	-	Caddy/docs/caddy_plan-v1.1.md
Caddy/scripts/run-node-a-caddy-installer-dry-run-action16ag.sh	historical-action	no	-	-	Caddy/docs/caddy_plan-v1.1.md
Caddy/scripts/run-node-a-caddy-managed-context-action20d-retry8-a-outer.sh	historical-action	no	-	-	Caddy/docs/caddy_plan-v1.1.md
Caddy/scripts/run-node-a-caddy-managed-context-action20d-retry8-a.sh	historical-action	no	-	-	Caddy/docs/caddy_plan-v1.1.md
Caddy/scripts/run-node-a-caddy-routing-correction-action16ar-retry.sh	historical-action	no	-	-	Caddy/docs/caddy_plan-v1.1.md
Caddy/scripts/run-node-a-caddy-routing-correction-action16ar.sh	historical-action	no	-	-	Caddy/docs/caddy_plan-v1.1.md
Caddy/scripts/run-node-a-caddy-server-selection-diagnostic-action16aq-b-retry.sh	historical-action	no	-	-	Caddy/docs/caddy_plan-v1.1.md
Caddy/scripts/run-node-a-caddy-server-selection-diagnostic-action16aq-b.sh	historical-action	no	-	-	Caddy/docs/caddy_plan-v1.1.md
Caddy/scripts/run-node-a-caddy-service-restoration-action28m-outer.sh	historical-action	no	-	-	Caddy/docs/caddy_plan-v1.1.md
Caddy/scripts/run-node-a-caddy-service-restoration-post-action28m-a-outer.sh	historical-action	no	-	-	Caddy/docs/caddy_plan-v1.1.md
Caddy/scripts/run-node-a-caddy-service-restoration-post-action28m-b-outer.sh	historical-action	no	-	-	Caddy/docs/caddy_plan-v1.1.md
Caddy/scripts/run-node-a-caddy-source-transfer-action16af.sh	historical-action	no	-	-	Caddy/docs/caddy_plan-v1.1.md
Caddy/scripts/run-node-a-caddy-vendor-unit-diagnostic-action16ao-b.sh	historical-action	no	-	-	Caddy/docs/caddy_plan-v1.1.md
Caddy/scripts/run-node-a-caddy-vrrp-activation-action20d-retry10-outer.sh	historical-action	no	-	-	Caddy/docs/caddy_plan-v1.1.md
Caddy/scripts/run-node-a-caddy-vrrp-activation-action20d-retry10.sh	historical-action	no	-	-	Caddy/docs/caddy_plan-v1.1.md
Caddy/scripts/run-node-a-caddy-vrrp-activation-action20d-retry6-outer.sh	historical-action	no	-	-	Caddy/docs/caddy_plan-v1.1.md
Caddy/scripts/run-node-a-caddy-vrrp-activation-action20d-retry6.sh	historical-action	no	-	-	Caddy/docs/caddy_plan-v1.1.md
Caddy/scripts/run-node-a-caddy-vrrp-activation-action20d-retry7-outer.sh	historical-action	no	-	-	Caddy/docs/caddy_plan-v1.1.md
Caddy/scripts/run-node-a-caddy-vrrp-activation-action20d-retry7.sh	historical-action	no	-	-	Caddy/docs/caddy_plan-v1.1.md
Caddy/scripts/run-node-a-caddy-vrrp-activation-action20d-retry8-outer.sh	historical-action	no	-	-	Caddy/docs/caddy_plan-v1.1.md
Caddy/scripts/run-node-a-caddy-vrrp-activation-action20d-retry8.sh	historical-action	no	-	-	Caddy/docs/caddy_plan-v1.1.md
Caddy/scripts/run-node-a-caddy-vrrp-activation-action20d-retry9-outer.sh	historical-action	no	-	-	Caddy/docs/caddy_plan-v1.1.md
Caddy/scripts/run-node-a-caddy-vrrp-activation-action20d-retry9.sh	historical-action	no	-	-	Caddy/docs/caddy_plan-v1.1.md
Caddy/scripts/run-node-a-caddy-vrrp-candidate-diagnostic-action20d-b-outer.sh	historical-action	no	-	-	Caddy/docs/caddy_plan-v1.1.md
Caddy/scripts/run-node-a-caddy-vrrp-candidate-diagnostic-action20d-b.sh	historical-action	no	-	-	Caddy/docs/caddy_plan-v1.1.md
Caddy/scripts/run-node-a-caddy-vrrp-postfailure-action20d-a-outer.sh	historical-action	no	-	-	Caddy/docs/caddy_plan-v1.1.md
Caddy/scripts/run-node-a-caddy-vrrp-postfailure-action20d-a.sh	historical-action	no	-	-	Caddy/docs/caddy_plan-v1.1.md
Caddy/scripts/run-node-a-certificate-transfer-action16ae.sh	historical-action	no	-	-	Caddy/docs/caddy_plan-v1.1.md
Caddy/scripts/run-node-a-coupled-vip-acquisition-action28q-outer.sh	historical-action	no	-	-	Caddy/docs/caddy_plan-v1.1.md
Caddy/scripts/run-node-a-coupled-vip-acquisition-action28r-outer.sh	historical-action	no	-	-	Caddy/docs/caddy_plan-v1.1.md
Caddy/scripts/run-node-a-cutover-diagnostic-action16ao-a.sh	historical-action	no	-	-	Caddy/docs/caddy_plan-v1.1.md
Caddy/scripts/run-node-a-cutover-preflight-action16ao.sh	historical-action	no	-	-	Caddy/docs/caddy_plan-v1.1.md
Caddy/scripts/run-node-a-dns-nss-correction-action17n-reset-retry.sh	historical-action	no	-	-	Caddy/docs/caddy_plan-v1.1.md
Caddy/scripts/run-node-a-dns-nss-correction-action17n-retry.sh	historical-action	no	-	-	Caddy/docs/caddy_plan-v1.1.md
Caddy/scripts/run-node-a-dns-nss-correction-action17n.sh	historical-action	no	-	-	Caddy/docs/caddy_plan-v1.1.md
Caddy/scripts/run-node-a-dns-nss-post-rollback-action17n-a.sh	historical-action	no	-	-	Caddy/docs/caddy_plan-v1.1.md
Caddy/scripts/run-node-a-ipv6-source-selection-diagnostic-action17c-b.sh	historical-action	no	-	-	Caddy/docs/caddy_plan-v1.1.md
Caddy/scripts/run-node-a-keepalived-dbus-action20p-outer.sh	historical-action	no	-	-	Caddy/docs/caddy_plan-v1.1.md
Caddy/scripts/run-node-a-keepalived-dbus-main-action20n-outer.sh	historical-action	no	-	-	Caddy/docs/caddy_plan-v1.1.md
Caddy/scripts/run-node-a-keepalived-dbus-main-postinstall-action20n-a-outer.sh	historical-action	no	-	-	Caddy/docs/caddy_plan-v1.1.md
Caddy/scripts/run-node-a-keepalived-dbus-main-postinstall-action20n-a-retry-outer.sh	historical-action	no	-	-	Caddy/docs/caddy_plan-v1.1.md
Caddy/scripts/run-node-a-keepalived-fragment-install-action19e-outer.sh	historical-action	no	-	-	Caddy/docs/caddy_plan-v1.1.md
Caddy/scripts/run-node-a-keepalived-fragment-postinstall-action19e-a-outer.sh	historical-action	no	-	-	Caddy/docs/caddy_plan-v1.1.md
Caddy/scripts/run-node-a-keepalived-helper-install-action19d-outer.sh	historical-action	no	-	-	Caddy/docs/caddy_plan-v1.1.md
Caddy/scripts/run-node-a-keepalived-helper-postinstall-action19d-a-outer.sh	historical-action	no	-	-	Caddy/docs/caddy_plan-v1.1.md
Caddy/scripts/run-node-a-keepalived-helper-postinstall-action19d-a-retry-outer.sh	historical-action	no	-	-	Caddy/docs/caddy_plan-v1.1.md
Caddy/scripts/run-node-a-keepalived-pidfile-isolation-action20d-retry5-a-outer.sh	historical-action	no	-	-	Caddy/docs/caddy_plan-v1.1.md
Caddy/scripts/run-node-a-keepalived-prerequisite-action19c-a-outer.sh	historical-action	no	-	-	Caddy/docs/caddy_plan-v1.1.md
Caddy/scripts/run-node-a-lighttpd-action16ab.sh	historical-action	no	-	-	Caddy/docs/caddy_plan-v1.1.md
Caddy/scripts/run-node-a-lighttpd-caddy-cutover-action16ap-retry.sh	historical-action	no	-	-	Caddy/docs/caddy_plan-v1.1.md
Caddy/scripts/run-node-a-lighttpd-caddy-cutover-action16ap.sh	historical-action	no	-	-	Caddy/docs/caddy_plan-v1.1.md
Caddy/scripts/run-node-a-lighttpd-routing-diagnostic-action16aq-a-retry.sh	historical-action	no	-	-	Caddy/docs/caddy_plan-v1.1.md
Caddy/scripts/run-node-a-lighttpd-routing-diagnostic-action16aq-a.sh	historical-action	no	-	-	Caddy/docs/caddy_plan-v1.1.md
Caddy/scripts/run-node-a-peer-resolution-context-diagnostic-action17c-c-b-retry.sh	historical-action	no	-	-	Caddy/docs/caddy_plan-v1.1.md
Caddy/scripts/run-node-a-peer-resolution-context-diagnostic-action17c-c-b.sh	historical-action	no	-	-	Caddy/docs/caddy_plan-v1.1.md
Caddy/scripts/run-node-a-pihole-ptr-policy-action23e-outer.sh	historical-action	no	-	-	Caddy/docs/caddy_plan-v1.1.md
Caddy/scripts/run-node-a-pihole-ptr-policy-action23f-outer.sh	historical-action	no	-	-	Caddy/docs/caddy_plan-v1.1.md
Caddy/scripts/run-node-a-pihole-ptr-postchange-action23e-a-outer.sh	historical-action	no	-	-	Caddy/docs/caddy_plan-v1.1.md
Caddy/scripts/run-node-a-pihole-ptr-postchange-action23e-a-retry-outer.sh	historical-action	no	-	-	Caddy/docs/caddy_plan-v1.1.md
Caddy/scripts/run-node-a-pihole-ptr-postchange-action23e-a-retry2-outer.sh	historical-action	no	-	-	Caddy/docs/caddy_plan-v1.1.md
Caddy/scripts/run-node-a-pihole-ptr-postinstall-action23f-a-outer.sh	historical-action	no	-	-	Caddy/docs/caddy_plan-v1.1.md
Caddy/scripts/run-node-a-pihole-response-path-action17n-b-retry.sh	historical-action	no	-	-	Caddy/docs/caddy_plan-v1.1.md
Caddy/scripts/run-node-a-pihole-response-path-action17n-b.sh	historical-action	no	-	-	Caddy/docs/caddy_plan-v1.1.md
Caddy/scripts/run-node-a-post-correction-acceptance-action16ar-b-retry.sh	historical-action	no	-	-	Caddy/docs/caddy_plan-v1.1.md
Caddy/scripts/run-node-a-post-correction-acceptance-action16ar-b.sh	historical-action	no	-	-	Caddy/docs/caddy_plan-v1.1.md
Caddy/scripts/run-node-a-post-cutover-acceptance-action16aq.sh	historical-action	no	-	-	Caddy/docs/caddy_plan-v1.1.md
Caddy/scripts/run-node-a-post-repair-continuity-action16ak-d.sh	historical-action	no	-	-	Caddy/docs/caddy_plan-v1.1.md
Caddy/scripts/run-node-a-protocol-v2-publisher-action28a-outer.sh	historical-action	no	-	-	Caddy/docs/caddy_plan-v1.1.md
Caddy/scripts/run-node-a-protocol-v2-publisher-action28b-outer.sh	historical-action	no	-	-	Caddy/docs/caddy_plan-v1.1.md
Caddy/scripts/run-node-a-protocol-v2-semantic-diagnostic-action17r-a.sh	historical-action	no	-	-	Caddy/docs/caddy_plan-v1.1.md
Caddy/scripts/run-node-a-publisher-postfailure-action28a-a-outer.sh	historical-action	no	-	-	Caddy/docs/caddy_plan-v1.1.md
Caddy/scripts/run-node-a-publisher-postinstall-action28b-a-outer.sh	historical-action	no	-	-	Caddy/docs/caddy_plan-v1.1.md
Caddy/scripts/run-node-a-recovery-diagnostic-action16ap-a.sh	historical-action	no	-	-	Caddy/docs/caddy_plan-v1.1.md
Caddy/scripts/run-node-a-retained-stage-metadata-action16ak-b.sh	historical-action	no	-	-	Caddy/docs/caddy_plan-v1.1.md
Caddy/scripts/run-node-a-retained-stage-mode-repair-action16ak-c.sh	historical-action	no	-	-	Caddy/docs/caddy_plan-v1.1.md
Caddy/scripts/run-node-a-rsync-classification-refinement-action17o-b.sh	historical-action	no	-	-	Caddy/docs/caddy_plan-v1.1.md
Caddy/scripts/run-node-a-rsync-dry-run-output-diagnostic-action17o-a.sh	historical-action	no	-	-	Caddy/docs/caddy_plan-v1.1.md
Caddy/scripts/run-node-a-source-bound-transport-action17c-c-retry.sh	historical-action	no	-	-	Caddy/docs/caddy_plan-v1.1.md
Caddy/scripts/run-node-a-source-bound-transport-action17c-c.sh	historical-action	no	-	-	Caddy/docs/caddy_plan-v1.1.md
Caddy/scripts/run-node-a-source-bound-transport-diagnostic-action17c-c-a.sh	historical-action	no	-	-	Caddy/docs/caddy_plan-v1.1.md
Caddy/scripts/run-node-a-ssh-g-stderr-diagnostic-action17r-b.sh	historical-action	no	-	-	Caddy/docs/caddy_plan-v1.1.md
Caddy/scripts/run-node-a-sync-continuity-action16aj-c.sh	historical-action	no	-	-	Caddy/docs/caddy_plan-v1.1.md
Caddy/scripts/run-node-a-sync-ssh-diagnostic-action16ak-a.sh	historical-action	no	-	-	Caddy/docs/caddy_plan-v1.1.md
Caddy/scripts/run-node-a-sync-ssh-install-action16ak.sh	historical-action	no	-	-	Caddy/docs/caddy_plan-v1.1.md
Caddy/scripts/run-node-a-sync-ssh-postinstall-action16ak-e.sh	historical-action	no	-	-	Caddy/docs/caddy_plan-v1.1.md
Caddy/scripts/run-node-a-sync-ssh-preflight-action16ai.sh	historical-action	no	-	-	Caddy/docs/caddy_plan-v1.1.md
Caddy/scripts/run-node-a-sync-ssh-stage-action16aj-e.sh	historical-action	no	-	-	Caddy/docs/caddy_plan-v1.1.md
Caddy/scripts/run-node-a-sync-ssh-stage-action16aj.sh	historical-action	no	-	-	Caddy/docs/caddy_plan-v1.1.md
Caddy/scripts/run-node-a-sync-stage-rollback-diagnostic-action16aj-a.sh	historical-action	no	-	-	Caddy/docs/caddy_plan-v1.1.md
Caddy/scripts/run-node-a-sync-stage-transient-diagnostic-action16aj-b.sh	historical-action	no	-	-	Caddy/docs/caddy_plan-v1.1.md
Caddy/scripts/run-node-a-sync-stage-transient-diagnostic-action16aj-d.sh	historical-action	no	-	-	Caddy/docs/caddy_plan-v1.1.md
Caddy/scripts/run-node-a-systemd-install-action16an.sh	historical-action	no	-	-	Caddy/docs/caddy_plan-v1.1.md
Caddy/scripts/run-node-a-systemd-postinstall-action16an-a.sh	historical-action	no	-	-	Caddy/docs/caddy_plan-v1.1.md
Caddy/scripts/run-node-a-systemd-preflight-action16al.sh	historical-action	no	-	-	Caddy/docs/caddy_plan-v1.1.md
Caddy/scripts/run-node-a-systemd-stage-action16am.sh	historical-action	no	-	-	Caddy/docs/caddy_plan-v1.1.md
Caddy/scripts/run-node-a-systemd-stage-inspection-action16am-a.sh	historical-action	no	-	-	Caddy/docs/caddy_plan-v1.1.md
Caddy/scripts/run-node-a-to-node-b-ipv6-restricted-transport-diagnostic-action17c-a.sh	historical-action	no	-	-	Caddy/docs/caddy_plan-v1.1.md
Caddy/scripts/run-node-a-to-node-b-release-transfer-action17p.sh	historical-action	no	-	-	Caddy/docs/caddy_plan-v1.1.md
Caddy/scripts/run-node-a-to-node-b-release-transfer-action28-outer.sh	historical-action	no	-	-	Caddy/docs/caddy_plan-v1.1.md
Caddy/scripts/run-node-a-to-node-b-release-transfer-action28.sh	historical-action	no	-	-	Caddy/docs/caddy_plan-v1.1.md
Caddy/scripts/run-node-a-to-node-b-release-transfer-action28c-outer.sh	historical-action	no	-	-	Caddy/docs/caddy_plan-v1.1.md
Caddy/scripts/run-node-a-to-node-b-release-transfer-action28d-outer.sh	historical-action	no	-	-	Caddy/docs/caddy_plan-v1.1.md
Caddy/scripts/run-node-a-to-node-b-release-transfer-action28e-outer.sh	historical-action	no	-	-	Caddy/docs/caddy_plan-v1.1.md
Caddy/scripts/run-node-a-to-node-b-restricted-transport-action17c-retry.sh	historical-action	no	-	-	Caddy/docs/caddy_plan-v1.1.md
Caddy/scripts/run-node-a-to-node-b-restricted-transport-action17c.sh	historical-action	no	-	-	Caddy/docs/caddy_plan-v1.1.md
Caddy/scripts/run-node-a-to-node-b-retained-release-action28f-outer.sh	historical-action	no	-	-	Caddy/docs/caddy_plan-v1.1.md
Caddy/scripts/run-node-a-to-node-b-retained-release-action28f.sh	historical-action	no	-	-	Caddy/docs/caddy_plan-v1.1.md
Caddy/scripts/run-node-a-to-node-b-retained-release-action28g-outer.sh	historical-action	no	-	-	Caddy/docs/caddy_plan-v1.1.md
Caddy/scripts/run-node-a-to-node-b-source-bound-restricted-transport-action17o.sh	historical-action	no	-	-	Caddy/docs/caddy_plan-v1.1.md
Caddy/scripts/run-node-a-to-node-b-source-bound-transport-acceptance-action17o-c.sh	historical-action	no	-	-	Caddy/docs/caddy_plan-v1.1.md
Caddy/scripts/run-node-a-two-file-unbound-preflight-action17h.sh	historical-action	no	-	-	Caddy/docs/caddy_plan-v1.1.md
Caddy/scripts/run-node-a-unbound-a-records-action23b-outer.sh	historical-action	no	-	-	Caddy/docs/caddy_plan-v1.1.md
Caddy/scripts/run-node-a-unbound-a-records-action23g-outer.sh	historical-action	no	-	-	Caddy/docs/caddy_plan-v1.1.md
Caddy/scripts/run-node-a-unbound-aaaa-records-action23i-outer.sh	historical-action	no	-	-	Caddy/docs/caddy_plan-v1.1.md
Caddy/scripts/run-node-a-unbound-dual-stage-acceptance-action17j-a.sh	historical-action	no	-	-	Caddy/docs/caddy_plan-v1.1.md
Caddy/scripts/run-node-a-unbound-local-zone-stage-action17j.sh	historical-action	no	-	-	Caddy/docs/caddy_plan-v1.1.md
Caddy/scripts/run-node-a-unbound-post-activation-action17k-a.sh	historical-action	no	-	-	Caddy/docs/caddy_plan-v1.1.md
Caddy/scripts/run-node-a-unbound-postrollback-ptr-action23b-a-outer.sh	historical-action	no	-	-	Caddy/docs/caddy_plan-v1.1.md
Caddy/scripts/run-node-a-unbound-primary-stage-action17i.sh	historical-action	no	-	-	Caddy/docs/caddy_plan-v1.1.md
Caddy/scripts/run-node-a-unbound-ptr-records-action23k-outer.sh	historical-action	no	-	-	Caddy/docs/caddy_plan-v1.1.md
Caddy/scripts/run-node-a-unbound-semantic-diff-action17h-a.sh	historical-action	no	-	-	Caddy/docs/caddy_plan-v1.1.md
Caddy/scripts/run-node-a-unbound-srv-records-action23m-outer.sh	historical-action	no	-	-	Caddy/docs/caddy_plan-v1.1.md
Caddy/scripts/run-node-a-unbound-two-file-activation-action17k.sh	historical-action	no	-	-	Caddy/docs/caddy_plan-v1.1.md
Caddy/scripts/run-node-a-unicast-ttl-postinstall-action20k-a-outer.sh	historical-action	no	-	-	Caddy/docs/caddy_plan-v1.1.md
Caddy/scripts/run-node-b-action17s-retry-stderr-action17s-b.sh	historical-action	no	-	-	Caddy/docs/caddy_plan-v1.1.md
Caddy/scripts/run-node-b-action17s-rollback-output-action17s-a.sh	historical-action	no	-	-	Caddy/docs/caddy_plan-v1.1.md
Caddy/scripts/run-node-b-action17u-backup-manifest-repair-action17u-b-retry.sh	historical-action	no	-	-	Caddy/docs/caddy_plan-v1.1.md
Caddy/scripts/run-node-b-action17u-backup-manifest-repair-action17u-b-retry2.sh	historical-action	no	-	-	Caddy/docs/caddy_plan-v1.1.md
Caddy/scripts/run-node-b-action17u-backup-manifest-repair-action17u-b.sh	historical-action	no	-	-	Caddy/docs/caddy_plan-v1.1.md
Caddy/scripts/run-node-b-action17u-postrepair-acceptance-action17u-c.sh	historical-action	no	-	-	Caddy/docs/caddy_plan-v1.1.md
Caddy/scripts/run-node-b-action19b-postfailure-action19b-a-outer.sh	historical-action	no	-	-	Caddy/docs/caddy_plan-v1.1.md
Caddy/scripts/run-node-b-action19b-postfailure-action19b-a-retry-outer.sh	historical-action	no	-	-	Caddy/docs/caddy_plan-v1.1.md
Caddy/scripts/run-node-b-action19b-postfailure-action19b-a-retry2-outer.sh	historical-action	no	-	-	Caddy/docs/caddy_plan-v1.1.md
Caddy/scripts/run-node-b-action19b-postfailure-action19b-a.sh	historical-action	no	-	-	Caddy/docs/caddy_plan-v1.1.md
Caddy/scripts/run-node-b-authorize-node-a-sync-key-action17b.sh	historical-action	no	-	-	Caddy/docs/caddy_plan-v1.1.md
Caddy/scripts/run-node-b-caddy-environment-provenance-action20d-retry10-b-outer.sh	historical-action	no	-	-	Caddy/docs/caddy_plan-v1.1.md
Caddy/scripts/run-node-b-caddy-environment-provenance-action20d-retry10-b.sh	historical-action	no	-	-	Caddy/docs/caddy_plan-v1.1.md
Caddy/scripts/run-node-b-caddy-health-context-correction-action20b-outer.sh	historical-action	no	-	-	Caddy/docs/caddy_plan-v1.1.md
Caddy/scripts/run-node-b-caddy-health-context-correction-action20b.sh	historical-action	no	-	-	Caddy/docs/caddy_plan-v1.1.md
Caddy/scripts/run-node-b-caddy-health-group-correction-action20g-outer.sh	historical-action	no	-	-	Caddy/docs/caddy_plan-v1.1.md
Caddy/scripts/run-node-b-caddy-health-group-correction-action20g-retry-outer.sh	historical-action	no	-	-	Caddy/docs/caddy_plan-v1.1.md
Caddy/scripts/run-node-b-caddy-health-group-correction-action20g-retry2-outer.sh	historical-action	no	-	-	Caddy/docs/caddy_plan-v1.1.md
Caddy/scripts/run-node-b-caddy-health-group-correction-action20g-retry3-outer.sh	historical-action	no	-	-	Caddy/docs/caddy_plan-v1.1.md
Caddy/scripts/run-node-b-caddy-health-group-postinstall-action20g-a-outer.sh	historical-action	no	-	-	Caddy/docs/caddy_plan-v1.1.md
Caddy/scripts/run-node-b-caddy-health-group-postinstall-action20g-a.sh	historical-action	no	-	-	Caddy/docs/caddy_plan-v1.1.md
Caddy/scripts/run-node-b-caddy-health-helper-action20i-outer.sh	historical-action	no	-	-	Caddy/docs/caddy_plan-v1.1.md
Caddy/scripts/run-node-b-caddy-health-helper-postinstall-action20i-a-outer.sh	historical-action	no	-	-	Caddy/docs/caddy_plan-v1.1.md
Caddy/scripts/run-node-b-caddy-health-helper-postinstall-action20i-a-retry-outer.sh	historical-action	no	-	-	Caddy/docs/caddy_plan-v1.1.md
Caddy/scripts/run-node-b-caddy-health-postinstall-action20b-a-outer.sh	historical-action	no	-	-	Caddy/docs/caddy_plan-v1.1.md
Caddy/scripts/run-node-b-caddy-health-postinstall-action20b-a.sh	historical-action	no	-	-	Caddy/docs/caddy_plan-v1.1.md
Caddy/scripts/run-node-b-caddy-service-restoration-action28o-outer.sh	historical-action	no	-	-	Caddy/docs/caddy_plan-v1.1.md
Caddy/scripts/run-node-b-caddy-state-difference-action20a-retry-a-outer.sh	historical-action	no	-	-	Caddy/docs/caddy_plan-v1.1.md
Caddy/scripts/run-node-b-caddy-state-difference-action20a-retry-a.sh	historical-action	no	-	-	Caddy/docs/caddy_plan-v1.1.md
Caddy/scripts/run-node-b-caddy-vrrp-activation-action20j-outer.sh	historical-action	no	-	-	Caddy/docs/caddy_plan-v1.1.md
Caddy/scripts/run-node-b-caddy-vrrp-relinquish-action28n-outer.sh	historical-action	no	-	-	Caddy/docs/caddy_plan-v1.1.md
Caddy/scripts/run-node-b-caddy-vrrp-relinquish-action28p-outer.sh	historical-action	no	-	-	Caddy/docs/caddy_plan-v1.1.md
Caddy/scripts/run-node-b-dns-nss-correction-action17m.sh	historical-action	no	-	-	Caddy/docs/caddy_plan-v1.1.md
Caddy/scripts/run-node-b-dns-nss-post-correction-action17m-a.sh	historical-action	no	-	-	Caddy/docs/caddy_plan-v1.1.md
Caddy/scripts/run-node-b-keepalived-dbus-action20o-outer.sh	historical-action	no	-	-	Caddy/docs/caddy_plan-v1.1.md
Caddy/scripts/run-node-b-keepalived-dbus-action20o-retry-outer.sh	historical-action	no	-	-	Caddy/docs/caddy_plan-v1.1.md
Caddy/scripts/run-node-b-keepalived-dbus-action20o-retry2-outer.sh	historical-action	no	-	-	Caddy/docs/caddy_plan-v1.1.md
Caddy/scripts/run-node-b-keepalived-dbus-main-action20m-outer.sh	historical-action	no	-	-	Caddy/docs/caddy_plan-v1.1.md
Caddy/scripts/run-node-b-keepalived-dbus-main-postinstall-action20m-a-outer.sh	historical-action	no	-	-	Caddy/docs/caddy_plan-v1.1.md
Caddy/scripts/run-node-b-keepalived-dbus-main-postinstall-action20m-a-retry-outer.sh	historical-action	no	-	-	Caddy/docs/caddy_plan-v1.1.md
Caddy/scripts/run-node-b-keepalived-dbus-postactivation-action20o-b-outer.sh	historical-action	no	-	-	Caddy/docs/caddy_plan-v1.1.md
Caddy/scripts/run-node-b-keepalived-dbus-postrollback-action20o-a-outer.sh	historical-action	no	-	-	Caddy/docs/caddy_plan-v1.1.md
Caddy/scripts/run-node-b-keepalived-dbus-postrollback-action20o-a-retry-outer.sh	historical-action	no	-	-	Caddy/docs/caddy_plan-v1.1.md
Caddy/scripts/run-node-b-keepalived-fragment-install-action19a-outer.sh	historical-action	no	-	-	Caddy/docs/caddy_plan-v1.1.md
Caddy/scripts/run-node-b-keepalived-fragment-install-action19a.sh	historical-action	no	-	-	Caddy/docs/caddy_plan-v1.1.md
Caddy/scripts/run-node-b-keepalived-fragment-postinstall-action19a-b-outer.sh	historical-action	no	-	-	Caddy/docs/caddy_plan-v1.1.md
Caddy/scripts/run-node-b-keepalived-fragment-postinstall-action19a-b.sh	historical-action	no	-	-	Caddy/docs/caddy_plan-v1.1.md
Caddy/scripts/run-node-b-keepalived-helper-install-action19b-outer.sh	historical-action	no	-	-	Caddy/docs/caddy_plan-v1.1.md
Caddy/scripts/run-node-b-keepalived-helper-install-action19b-retry-outer.sh	historical-action	no	-	-	Caddy/docs/caddy_plan-v1.1.md
Caddy/scripts/run-node-b-keepalived-helper-install-action19b-retry.sh	historical-action	no	-	-	Caddy/docs/caddy_plan-v1.1.md
Caddy/scripts/run-node-b-keepalived-helper-install-action19b.sh	historical-action	no	-	-	Caddy/docs/caddy_plan-v1.1.md
Caddy/scripts/run-node-b-keepalived-helper-postinstall-action19b-b-outer.sh	historical-action	no	-	-	Caddy/docs/caddy_plan-v1.1.md
Caddy/scripts/run-node-b-keepalived-helper-prerequisite-action19a-a-outer.sh	historical-action	no	-	-	Caddy/docs/caddy_plan-v1.1.md
Caddy/scripts/run-node-b-keepalived-helper-prerequisite-action19a-a.sh	historical-action	no	-	-	Caddy/docs/caddy_plan-v1.1.md
Caddy/scripts/run-node-b-normal-publisher-rejection-action28h-outer.sh	historical-action	no	-	-	Caddy/docs/caddy_plan-v1.1.md
Caddy/scripts/run-node-b-pihole-ptr-policy-action23c-outer.sh	historical-action	no	-	-	Caddy/docs/caddy_plan-v1.1.md
Caddy/scripts/run-node-b-pihole-ptr-policy-action23d-outer.sh	historical-action	no	-	-	Caddy/docs/caddy_plan-v1.1.md
Caddy/scripts/run-node-b-pihole-ptr-postfailure-action23c-a-outer.sh	historical-action	no	-	-	Caddy/docs/caddy_plan-v1.1.md
Caddy/scripts/run-node-b-pihole-ptr-postinstall-action23d-a-outer.sh	historical-action	no	-	-	Caddy/docs/caddy_plan-v1.1.md
Caddy/scripts/run-node-b-postmigration-acceptance-action17v-outer.sh	historical-action	no	-	-	Caddy/docs/caddy_plan-v1.1.md
Caddy/scripts/run-node-b-protocol-compatible-coupling-action28s-outer.sh	historical-action	no	-	-	Caddy/docs/caddy_plan-v1.1.md
Caddy/scripts/run-node-b-protocol-v2-install-action17q-retry.sh	historical-action	no	-	-	Caddy/docs/caddy_plan-v1.1.md
Caddy/scripts/run-node-b-protocol-v2-install-action17q.sh	historical-action	no	-	-	Caddy/docs/caddy_plan-v1.1.md
Caddy/scripts/run-node-b-protocol-v2-postfailure-action17q-a.sh	historical-action	no	-	-	Caddy/docs/caddy_plan-v1.1.md
Caddy/scripts/run-node-b-protocol-v2-postinstall-action17q-b.sh	historical-action	no	-	-	Caddy/docs/caddy_plan-v1.1.md
Caddy/scripts/run-node-b-protocol-v2-publisher-install-action18c-prerequisite-outer.sh	historical-action	no	-	-	Caddy/docs/caddy_plan-v1.1.md
Caddy/scripts/run-node-b-protocol-v2-publisher-install-action18c-prerequisite.sh	historical-action	no	-	-	Caddy/docs/caddy_plan-v1.1.md
Caddy/scripts/run-node-b-publisher-postinstall-acceptance-action18c-publisher-a-outer.sh	historical-action	no	-	-	Caddy/docs/caddy_plan-v1.1.md
Caddy/scripts/run-node-b-retained-release-marker-migration-action17s-retry.sh	historical-action	no	-	-	Caddy/docs/caddy_plan-v1.1.md
Caddy/scripts/run-node-b-retained-release-marker-migration-action17s-retry2-outer.sh	historical-action	no	-	-	Caddy/docs/caddy_plan-v1.1.md
Caddy/scripts/run-node-b-retained-release-marker-migration-action17s.sh	historical-action	no	-	-	Caddy/docs/caddy_plan-v1.1.md
Caddy/scripts/run-node-b-runtime-shadow-metadata-diagnostic-action20e-b-outer.sh	historical-action	no	-	-	Caddy/docs/caddy_plan-v1.1.md
Caddy/scripts/run-node-b-runtime-shadow-metadata-diagnostic-action20e-b.sh	historical-action	no	-	-	Caddy/docs/caddy_plan-v1.1.md
Caddy/scripts/run-node-b-stderr-safe-finalizer-install-action17u.sh	historical-action	no	-	-	Caddy/docs/caddy_plan-v1.1.md
Caddy/scripts/run-node-b-stderr-safe-finalizer-postinstall-action17u-a.sh	historical-action	no	-	-	Caddy/docs/caddy_plan-v1.1.md
Caddy/scripts/run-node-b-stdout-safe-finalizer-install-action17t.sh	historical-action	no	-	-	Caddy/docs/caddy_plan-v1.1.md
Caddy/scripts/run-node-b-stdout-safe-finalizer-postinstall-action17t-a.sh	historical-action	no	-	-	Caddy/docs/caddy_plan-v1.1.md
Caddy/scripts/run-node-b-to-node-a-release-transfer-action18c-outer.sh	historical-action	no	-	-	Caddy/docs/caddy_plan-v1.1.md
Caddy/scripts/run-node-b-to-node-a-release-transfer-action18c.sh	historical-action	no	-	-	Caddy/docs/caddy_plan-v1.1.md
Caddy/scripts/run-node-b-two-file-unbound-preflight-action17d.sh	historical-action	no	-	-	Caddy/docs/caddy_plan-v1.1.md
Caddy/scripts/run-node-b-unbound-a-records-action23a-outer.sh	historical-action	no	-	-	Caddy/docs/caddy_plan-v1.1.md
Caddy/scripts/run-node-b-unbound-a-records-post-action23a-a-outer.sh	historical-action	no	-	-	Caddy/docs/caddy_plan-v1.1.md
Caddy/scripts/run-node-b-unbound-aaaa-records-action23h-outer.sh	historical-action	no	-	-	Caddy/docs/caddy_plan-v1.1.md
Caddy/scripts/run-node-b-unbound-action17f-baseline-second-retry.sh	historical-action	no	-	-	Caddy/docs/caddy_plan-v1.1.md
Caddy/scripts/run-node-b-unbound-action17f-labeled-baseline-retry.sh	historical-action	no	-	-	Caddy/docs/caddy_plan-v1.1.md
Caddy/scripts/run-node-b-unbound-action17f-transition-diagnostic.sh	historical-action	no	-	-	Caddy/docs/caddy_plan-v1.1.md
Caddy/scripts/run-node-b-unbound-local-zone-prewrite-diagnostic-action17f-a.sh	historical-action	no	-	-	Caddy/docs/caddy_plan-v1.1.md
Caddy/scripts/run-node-b-unbound-local-zone-stage-action17f-normalized-retry.sh	historical-action	no	-	-	Caddy/docs/caddy_plan-v1.1.md
Caddy/scripts/run-node-b-unbound-local-zone-stage-action17f-retry.sh	historical-action	no	-	-	Caddy/docs/caddy_plan-v1.1.md
Caddy/scripts/run-node-b-unbound-local-zone-stage-action17f.sh	historical-action	no	-	-	Caddy/docs/caddy_plan-v1.1.md
Caddy/scripts/run-node-b-unbound-local-zone-stage-verification-action17f-c.sh	historical-action	no	-	-	Caddy/docs/caddy_plan-v1.1.md
Caddy/scripts/run-node-b-unbound-post-activation-action17g-a.sh	historical-action	no	-	-	Caddy/docs/caddy_plan-v1.1.md
Caddy/scripts/run-node-b-unbound-primary-prewrite-diagnostic-action17e-a.sh	historical-action	no	-	-	Caddy/docs/caddy_plan-v1.1.md
Caddy/scripts/run-node-b-unbound-primary-stage-action17e-retry.sh	historical-action	no	-	-	Caddy/docs/caddy_plan-v1.1.md
Caddy/scripts/run-node-b-unbound-primary-stage-action17e.sh	historical-action	no	-	-	Caddy/docs/caddy_plan-v1.1.md
Caddy/scripts/run-node-b-unbound-ptr-records-action23j-outer.sh	historical-action	no	-	-	Caddy/docs/caddy_plan-v1.1.md
Caddy/scripts/run-node-b-unbound-srv-records-action23l-outer.sh	historical-action	no	-	-	Caddy/docs/caddy_plan-v1.1.md
Caddy/scripts/run-node-b-unbound-two-file-activation-action17g.sh	historical-action	no	-	-	Caddy/docs/caddy_plan-v1.1.md
Caddy/scripts/run-node-b-unicast-ttl-postinstall-action20k-b-outer.sh	historical-action	no	-	-	Caddy/docs/caddy_plan-v1.1.md
Caddy/scripts/run-release-transfer-failure-diagnostic-action17p-a.sh	historical-action	no	-	-	Caddy/docs/caddy_plan-v1.1.md
Caddy/scripts/run-sync-readiness-before-action17-retry.sh	historical-action	no	-	-	Caddy/docs/caddy_plan-v1.1.md
Caddy/scripts/run-sync-readiness-before-action17.sh	historical-action	no	-	-	Caddy/docs/caddy_plan-v1.1.md
Caddy/scripts/run-workstation-caddy-certificate-identity-action27-retry-a-outer.sh	workstation-only	no	-	-	Caddy/scripts/README.md
Caddy/scripts/run-workstation-caddy-certificate-identity-action27-retry-a-retry-outer.sh	workstation-only	no	-	-	Caddy/scripts/README.md
Caddy/scripts/run-workstation-caddy-certificate-identity-action27-retry-a-retry.sh	workstation-only	no	-	-	Caddy/scripts/README.md
Caddy/scripts/run-workstation-caddy-certificate-identity-action27-retry-a.sh	workstation-only	no	-	-	Caddy/scripts/README.md
Caddy/scripts/run-workstation-caddy-http3-action26-h3-outer.sh	workstation-only	no	-	-	Caddy/scripts/README.md
Caddy/scripts/run-workstation-caddy-http3-action26-h3-retry-outer.sh	workstation-only	no	-	-	Caddy/scripts/README.md
Caddy/scripts/run-workstation-caddy-http3-action26-h3.sh	workstation-only	no	-	-	Caddy/scripts/README.md
Caddy/scripts/run-workstation-caddy-ipv6-response-path-action26-a-outer.sh	workstation-only	no	-	-	Caddy/scripts/README.md
Caddy/scripts/run-workstation-caddy-ipv6-response-path-action26-a.sh	workstation-only	no	-	-	Caddy/scripts/README.md
Caddy/scripts/run-workstation-caddy-protocols-action26-outer.sh	workstation-only	no	-	-	Caddy/scripts/README.md
Caddy/scripts/run-workstation-caddy-protocols-action26-retry-outer.sh	workstation-only	no	-	-	Caddy/scripts/README.md
Caddy/scripts/run-workstation-caddy-protocols-action26-retry.sh	workstation-only	no	-	-	Caddy/scripts/README.md
Caddy/scripts/run-workstation-caddy-protocols-action26.sh	workstation-only	no	-	-	Caddy/scripts/README.md
Caddy/scripts/run-workstation-caddy-tls-action27-outer.sh	workstation-only	no	-	-	Caddy/scripts/README.md
Caddy/scripts/run-workstation-caddy-tls-action27-retry-outer.sh	workstation-only	no	-	-	Caddy/scripts/README.md
Caddy/scripts/run-workstation-caddy-tls-action27-retry.sh	workstation-only	no	-	-	Caddy/scripts/README.md
Caddy/scripts/run-workstation-caddy-tls-action27-retry2-outer.sh	workstation-only	no	-	-	Caddy/scripts/README.md
Caddy/scripts/run-workstation-caddy-tls-action27-retry2.sh	workstation-only	no	-	-	Caddy/scripts/README.md
Caddy/scripts/run-workstation-caddy-tls-action27-retry3-outer.sh	workstation-only	no	-	-	Caddy/scripts/README.md
Caddy/scripts/run-workstation-caddy-tls-action27-retry3.sh	workstation-only	no	-	-	Caddy/scripts/README.md
Caddy/scripts/run-workstation-caddy-tls-action27.sh	workstation-only	no	-	-	Caddy/scripts/README.md
Caddy/scripts/run-workstation-wsl-ipv6-provenance-action26-b-outer.sh	workstation-only	no	-	-	Caddy/scripts/README.md
Caddy/scripts/run-workstation-wsl-ipv6-provenance-action26-b.sh	workstation-only	no	-	-	Caddy/scripts/README.md
Caddy/scripts/run-workstation-wsl-mirrored-action26-c-outer.sh	workstation-only	no	-	-	Caddy/scripts/README.md
Caddy/scripts/run-workstation-wsl-mirrored-postinstall-action26-c-a-outer.sh	workstation-only	no	-	-	Caddy/scripts/README.md
Caddy/scripts/run-workstation-wsl-mirrored-postrestart-action26-e-outer.sh	workstation-only	no	-	-	Caddy/scripts/README.md
Caddy/scripts/run-workstation-wsl-mirrored-postrestart-action26-e-retry-outer.sh	workstation-only	no	-	-	Caddy/scripts/README.md
Caddy/scripts/run-workstation-wsl-mirrored-postrestart-action26-e-retry.sh	workstation-only	no	-	-	Caddy/scripts/README.md
Caddy/scripts/select-node-b-action15-remediation-release.sh	historical-action	no	-	-	Caddy/docs/caddy_plan-v1.1.md
Caddy/scripts/setup-sync-ssh.sh	historical-superseded	no	-	-	Caddy/scripts/README.md
Caddy/scripts/simulate-node-a-ha-sync-dependencies.sh	historical-superseded	no	-	-	Caddy/scripts/README.md
Caddy/scripts/simulate-node-a-validation-dependencies-action16t.sh	historical-action	no	-	-	Caddy/docs/caddy_plan-v1.1.md
Caddy/scripts/stage-node-a-caddy-health-helper-action20h.sh	historical-action	no	-	-	Caddy/docs/caddy_plan-v1.1.md
Caddy/scripts/stage-node-a-caddy-source-action16af.sh	historical-action	no	-	-	Caddy/docs/caddy_plan-v1.1.md
Caddy/scripts/stage-node-a-certificate-action16ae.sh	historical-action	no	-	-	Caddy/docs/caddy_plan-v1.1.md
Caddy/scripts/stage-node-a-lighttpd-action16ab.sh	historical-action	no	-	-	Caddy/docs/caddy_plan-v1.1.md
Caddy/scripts/stage-node-a-sync-ssh-artifacts-action16aj-e.sh	historical-action	no	-	-	Caddy/docs/caddy_plan-v1.1.md
Caddy/scripts/stage-node-a-sync-ssh-artifacts-action16aj.sh	historical-action	no	-	-	Caddy/docs/caddy_plan-v1.1.md
Caddy/scripts/stage-node-a-systemd-artifacts-action16am.sh	historical-action	no	-	-	Caddy/docs/caddy_plan-v1.1.md
Caddy/scripts/stage-node-a-unbound-local-zone-action17j.sh	historical-action	no	-	-	Caddy/docs/caddy_plan-v1.1.md
Caddy/scripts/stage-node-a-unbound-primary-action17i.sh	historical-action	no	-	-	Caddy/docs/caddy_plan-v1.1.md
Caddy/scripts/stage-node-b-action15-caddy-remediation.sh	historical-action	no	-	-	Caddy/docs/caddy_plan-v1.1.md
Caddy/scripts/stage-node-b-lighttpd-action15-retry.sh	historical-action	no	-	-	Caddy/docs/caddy_plan-v1.1.md
Caddy/scripts/stage-node-b-lighttpd-action15-retry2.sh	historical-action	no	-	-	Caddy/docs/caddy_plan-v1.1.md
Caddy/scripts/stage-node-b-lighttpd-action15-retry3.sh	historical-action	no	-	-	Caddy/docs/caddy_plan-v1.1.md
Caddy/scripts/stage-node-b-unbound-local-zone-action17f.sh	historical-action	no	-	-	Caddy/docs/caddy_plan-v1.1.md
Caddy/scripts/stage-node-b-unbound-primary-action17e.sh	historical-action	no	-	-	Caddy/docs/caddy_plan-v1.1.md
Caddy/scripts/trace-node-b-unbound-action17f-baseline-retry.sh	historical-action	no	-	-	Caddy/docs/caddy_plan-v1.1.md
Caddy/scripts/trace-node-b-unbound-action17f-baseline-second-retry.sh	historical-action	no	-	-	Caddy/docs/caddy_plan-v1.1.md
Caddy/scripts/transact-coupled-go-live-action28aa.sh	historical-action	no	-	-	Caddy/docs/caddy_plan-v1.1.md
Caddy/scripts/transact-coupled-go-live-action28ab.sh	historical-action	no	-	-	Caddy/docs/caddy_plan-v1.1.md
Caddy/scripts/transact-coupled-go-live-action28ac.sh	historical-action	no	-	-	Caddy/docs/caddy_plan-v1.1.md
Caddy/scripts/transact-coupled-go-live-action28ad.sh	historical-action	no	-	-	Caddy/docs/caddy_plan-v1.1.md
Caddy/scripts/transact-coupled-go-live-action28ae.sh	historical-action	no	-	-	Caddy/docs/caddy_plan-v1.1.md
Caddy/scripts/transact-coupled-go-live-action28af.sh	historical-action	no	-	-	Caddy/docs/caddy_plan-v1.1.md
Caddy/scripts/transact-coupled-go-live-action28ag.sh	historical-action	no	-	-	Caddy/docs/caddy_plan-v1.1.md
Caddy/scripts/transact-coupled-go-live-action28ah.sh	historical-action	no	-	-	Caddy/docs/caddy_plan-v1.1.md
Caddy/scripts/transact-coupled-go-live-action28u.sh	historical-action	no	-	-	Caddy/docs/caddy_plan-v1.1.md
Caddy/scripts/transact-coupled-go-live-action28w.sh	historical-action	no	-	-	Caddy/docs/caddy_plan-v1.1.md
Caddy/scripts/transact-coupled-go-live-action28x.sh	historical-action	no	-	-	Caddy/docs/caddy_plan-v1.1.md
Caddy/scripts/transact-coupled-go-live-action28y.sh	historical-action	no	-	-	Caddy/docs/caddy_plan-v1.1.md
Caddy/scripts/transact-coupled-go-live-action28z.sh	historical-action	no	-	-	Caddy/docs/caddy_plan-v1.1.md
Caddy/scripts/transact-dual-node-protocol-compatible-coupling-action28t.sh	historical-action	no	-	-	Caddy/docs/caddy_plan-v1.1.md
Caddy/scripts/transact-node-a-caddy-failover-action28i.sh	historical-action	no	-	-	Caddy/docs/caddy_plan-v1.1.md
Caddy/scripts/transact-node-a-caddy-failover-action28j.sh	historical-action	no	-	-	Caddy/docs/caddy_plan-v1.1.md
Caddy/scripts/transfer-node-a-release-to-node-b-action17p.sh	historical-action	no	-	-	Caddy/docs/caddy_plan-v1.1.md
Caddy/scripts/transfer-node-a-release-to-node-b-action28.sh	historical-action	no	-	-	Caddy/docs/caddy_plan-v1.1.md
Caddy/scripts/transfer-node-b-release-to-node-a-action18c.sh	historical-action	no	-	-	Caddy/docs/caddy_plan-v1.1.md
Caddy/scripts/transfer-retained-node-a-release-action28f.sh	historical-action	no	-	-	Caddy/docs/caddy_plan-v1.1.md
Caddy/scripts/uninstall-caddy-ha.sh	production-current	no	-	-	Caddy/scripts/README.md
Caddy/scripts/validate-caddy-ha.sh	production-current	no	-	-	Caddy/scripts/README.md
Caddy/scripts/validate-journald-retention.sh	historical-superseded	no	-	-	Caddy/scripts/README.md
Caddy/scripts/validate-node-a-caddy-action16n-install.sh	historical-action	no	-	-	Caddy/docs/caddy_plan-v1.1.md
Caddy/scripts/validate-node-a-caddy-installer-dry-run-action16ag.sh	historical-action	no	-	-	Caddy/docs/caddy_plan-v1.1.md
Caddy/scripts/validate-node-a-ha-sync-convergence-action16s.sh	historical-action	no	-	-	Caddy/docs/caddy_plan-v1.1.md
Caddy/scripts/validate-node-a-lsyncd-audit-cleanup.sh	historical-superseded	no	-	-	Caddy/scripts/README.md
Caddy/scripts/validate-node-a-lsyncd-preinstall-state.sh	historical-superseded	no	-	-	Caddy/scripts/README.md
Caddy/scripts/validate-node-a-to-node-b-restricted-transport-action17c.sh	historical-action	no	-	-	Caddy/docs/caddy_plan-v1.1.md
Caddy/scripts/validate-node-a-uuid-runtime-preinstall-state-action16v.sh	historical-action	no	-	-	Caddy/docs/caddy_plan-v1.1.md
Caddy/scripts/validate-node-a-validation-dependency-convergence-action16x-retry.sh	historical-action	no	-	-	Caddy/docs/caddy_plan-v1.1.md
Caddy/scripts/validate-node-a-validation-dependency-convergence-action16x-retry2.sh	historical-action	no	-	-	Caddy/docs/caddy_plan-v1.1.md
Caddy/scripts/validate-node-a-validation-dependency-convergence-action16x-retry3.sh	historical-action	no	-	-	Caddy/docs/caddy_plan-v1.1.md
Caddy/scripts/validate-node-a-validation-dependency-convergence-action16x.sh	historical-action	no	-	-	Caddy/docs/caddy_plan-v1.1.md
Caddy/scripts/validate-node-b-action15-cutover.sh	historical-action	no	-	-	Caddy/docs/caddy_plan-v1.1.md
Caddy/scripts/validate-sync-health.sh	production-current	yes	/usr/local/libexec/validate-sync-health.sh	0755	Caddy/manifests/production-artifacts.tsv
Caddy/scripts/validate-sync-ssh-source-bound.sh	historical-superseded	no	-	-	Caddy/scripts/README.md
Caddy/scripts/validate-sync-ssh.sh	historical-superseded	no	-	-	Caddy/scripts/README.md
Caddy/scripts/validate-workstation-certificate-stage-action16ac.sh	workstation-only	no	-	-	Caddy/scripts/README.md
Caddy/scripts/apply-caddy-runtime-lifecycle-action32.sh	historical-action	no	-	-	Caddy/docs/caddy_plan-v1.1.md
Caddy/scripts/run-dual-node-caddy-runtime-lifecycle-action32-outer.sh	historical-action	no	-	-	Caddy/docs/caddy_plan-v1.1.md
Caddy/scripts/apply-caddy-runtime-lifecycle-action32a.sh	historical-action	no	-	-	Caddy/docs/caddy_plan-v1.1.md
Caddy/scripts/run-dual-node-caddy-runtime-lifecycle-action32a-outer.sh	historical-action	no	-	-	Caddy/docs/caddy_plan-v1.1.md
Caddy/scripts/apply-caddy-runtime-lifecycle-action32b.sh	historical-action	no	-	-	Caddy/docs/caddy_plan-v1.1.md
Caddy/scripts/run-dual-node-caddy-runtime-lifecycle-action32b-outer.sh	historical-action	no	-	-	Caddy/docs/caddy_plan-v1.1.md
Caddy/scripts/apply-caddy-runtime-lifecycle-action32c.sh	historical-action	no	-	-	Caddy/docs/caddy_plan-v1.1.md
Caddy/scripts/run-dual-node-caddy-runtime-lifecycle-action32c-outer.sh	historical-action	no	-	-	Caddy/docs/caddy_plan-v1.1.md
Caddy/scripts/apply-caddy-runtime-lifecycle-action32d.sh	historical-action	no	-	-	Caddy/docs/caddy_plan-v1.1.md
Caddy/scripts/run-dual-node-caddy-runtime-lifecycle-action32d-outer.sh	historical-action	no	-	-	Caddy/docs/caddy_plan-v1.1.md
Caddy/scripts/apply-caddy-runtime-lifecycle-action32e.sh	historical-action	no	-	-	Caddy/docs/caddy_plan-v1.1.md
Caddy/scripts/run-dual-node-caddy-runtime-lifecycle-action32e-outer.sh	historical-action	no	-	-	Caddy/docs/caddy_plan-v1.1.md
Caddy/scripts/apply-caddy-runtime-lifecycle-action32f.sh	historical-action	no	-	-	Caddy/docs/caddy_plan-v1.1.md
Caddy/scripts/run-dual-node-caddy-runtime-lifecycle-action32f-outer.sh	historical-action	no	-	-	Caddy/docs/caddy_plan-v1.1.md
Caddy/scripts/apply-caddy-runtime-lifecycle-action32g.sh	historical-action	no	-	-	Caddy/docs/caddy_plan-v1.1.md
Caddy/scripts/run-dual-node-caddy-runtime-lifecycle-action32g-outer.sh	historical-action	no	-	-	Caddy/docs/caddy_plan-v1.1.md
Caddy/scripts/run-dual-node-caddy-ha-reliability-action33-outer.sh	historical-action	no	-	-	Caddy/docs/33-PLAN.md
Caddy/scripts/transact-caddy-ha-reliability-action33.sh	historical-action	no	-	-	Caddy/docs/33-PLAN.md
Caddy/scripts/run-dual-node-caddy-ha-reliability-action33a-outer.sh	historical-action	no	-	-	Caddy/docs/33-PLAN.md
Caddy/scripts/transact-caddy-ha-reliability-action33a.sh	historical-action	no	-	-	Caddy/docs/33-PLAN.md
Caddy/scripts/run-dual-node-caddy-ha-reliability-action33b-outer.sh	historical-action	no	-	-	Caddy/docs/33-PLAN.md
Caddy/scripts/transact-caddy-ha-reliability-action33b.sh	historical-action	no	-	-	Caddy/docs/33-PLAN.md
Caddy/scripts/run-dual-node-caddy-ha-reliability-action33c-outer.sh	historical-action	no	-	-	Caddy/docs/33-PLAN.md
Caddy/scripts/transact-caddy-ha-reliability-action33c.sh	historical-action	no	-	-	Caddy/docs/33-PLAN.md
Caddy/scripts/run-dual-node-caddy-ha-reliability-action33d-outer.sh	historical-action	no	-	-	Caddy/docs/33-PLAN.md
Caddy/scripts/transact-caddy-ha-reliability-action33d.sh	historical-action	no	-	-	Caddy/docs/33-PLAN.md
Caddy/scripts/run-dual-node-caddy-ha-reliability-action33e-outer.sh	historical-action	no	-	-	Caddy/docs/33-PLAN.md
Caddy/scripts/transact-caddy-ha-reliability-action33e.sh	historical-action	no	-	-	Caddy/docs/33-PLAN.md
Caddy/scripts/run-dual-node-caddy-ha-reliability-action33f-outer.sh	historical-action	no	-	-	Caddy/docs/33-PLAN.md
Caddy/scripts/transact-caddy-ha-reliability-action33f.sh	historical-action	no	-	-	Caddy/docs/33-PLAN.md
Caddy/scripts/run-dual-node-caddy-ha-reliability-action33g-outer.sh	historical-action	no	-	-	Caddy/docs/33-PLAN.md
Caddy/scripts/transact-caddy-ha-reliability-action33g.sh	historical-action	no	-	-	Caddy/docs/33-PLAN.md
Caddy/scripts/run-dual-node-caddy-ha-reliability-action33h-outer.sh	historical-action	no	-	-	Caddy/docs/33-PLAN.md
Caddy/scripts/transact-caddy-ha-reliability-action33h.sh	historical-action	no	-	-	Caddy/docs/33-PLAN.md
Caddy/scripts/run-dual-node-caddy-ha-reliability-action33i-outer.sh	historical-action	no	-	-	Caddy/docs/33-PLAN.md
Caddy/scripts/transact-caddy-ha-reliability-action33i.sh	historical-action	no	-	-	Caddy/docs/33-PLAN.md
Caddy/scripts/run-dual-node-caddy-ha-reliability-action33j-outer.sh	historical-action	no	-	-	Caddy/docs/33-PLAN.md
Caddy/scripts/transact-caddy-ha-reliability-action33j.sh	historical-action	no	-	-	Caddy/docs/33-PLAN.md
Caddy/scripts/run-dual-node-caddy-ha-reliability-action33k-outer.sh	historical-action	no	-	-	Caddy/docs/33-PLAN.md
Caddy/scripts/transact-caddy-ha-reliability-action33k.sh	historical-action	no	-	-	Caddy/docs/33-PLAN.md
Caddy/scripts/run-dual-node-caddy-ha-reliability-action33l-outer.sh	historical-action	no	-	-	Caddy/docs/33-PLAN.md
Caddy/scripts/transact-caddy-ha-reliability-action33l.sh	historical-action	no	-	-	Caddy/docs/33-PLAN.md
Caddy/scripts/run-dual-node-caddy-ha-reliability-action33m-outer.sh	historical-action	no	-	-	Caddy/docs/33-PLAN.md
Caddy/scripts/transact-caddy-ha-reliability-action33m.sh	historical-action	no	-	-	Caddy/docs/33-PLAN.md
Caddy/scripts/run-dual-node-caddy-ha-reliability-action33n-outer.sh	historical-action	no	-	-	Caddy/docs/33-PLAN.md
Caddy/scripts/transact-caddy-ha-reliability-action33n.sh	historical-action	no	-	-	Caddy/docs/33-PLAN.md
Caddy/scripts/run-dual-node-caddy-ha-reliability-action33o-outer.sh	historical-action	no	-	-	Caddy/docs/33-PLAN.md
Caddy/scripts/transact-caddy-ha-reliability-action33o.sh	historical-action	no	-	-	Caddy/docs/33-PLAN.md
